{
"type": "FeatureCollection",
"name": "farms_overview",
"crs": { "type": "name", "properties": { "name": "urn:ogc:def:crs:OGC:1.3:CRS84" } },
"features": [
{ "type": "Feature", "properties": { "site_id": "data/raw/naip_tiles_pc_4band_v2/site_0123.tif", "farm_name": "Mohammad Arshad", "county": "Wicomico", "species_group": "broiler", "animal_type": "chickens_not_laying_hens", "headcount": 132000, "buildings": 21, "floor_area_m2": 49542.0, "registry_point_distance_m": 539.0, "lat": 38.454715, "lon": -75.382898, "maps_url": "https://www.google.com/maps/@38.454715,-75.382898,600m/data=!3m1!1e3" }, "geometry": { "type": "Point", "coordinates": [ -75.382897976863177, 38.454714911043951 ] } },
{ "type": "Feature", "properties": { "site_id": "data/raw/naip_tiles_pc_4band_v2/site_0145.tif", "farm_name": "Roland Todd/Roland's Roaster's", "county": "Dorchester", "species_group": "broiler", "animal_type": "chickens_not_laying_hens", "headcount": 159900, "buildings": 20, "floor_area_m2": 44279.0, "registry_point_distance_m": 776.0, "lat": 38.686561, "lon": -75.839214, "maps_url": "https://www.google.com/maps/@38.686561,-75.839214,600m/data=!3m1!1e3" }, "geometry": { "type": "Point", "coordinates": [ -75.839214008742417, 38.686560957322968 ] } },
{ "type": "Feature", "properties": { "site_id": "data/raw/naip_tiles_pc_4band_v2/site_0240.tif", "farm_name": "Bunting Farms, Inc", "county": "Worcester", "species_group": "broiler", "animal_type": "chickens_not_laying_hens", "headcount": 162000, "buildings": 14, "floor_area_m2": 31351.0, "registry_point_distance_m": 314.0, "lat": 38.009289, "lon": -75.536216, "maps_url": "https://www.google.com/maps/@38.009289,-75.536216,600m/data=!3m1!1e3" }, "geometry": { "type": "Point", "coordinates": [ -75.536216298456068, 38.009289109460099 ] } },
{ "type": "Feature", "properties": { "site_id": "data/raw/naip_tiles_pc_4band_v2/site_0153.tif", "farm_name": "Jason Lambertson/Amen Corner/Pure Country/Millennium/RavenDiane Lambertson/ Farms (Expansion)", "county": "Worcester", "species_group": "broiler", "animal_type": "chickens_not_laying_hens", "headcount": 346000, "buildings": 13, "floor_area_m2": 34258.0, "registry_point_distance_m": 296.0, "lat": 38.061948, "lon": -75.502078, "maps_url": "https://www.google.com/maps/@38.061948,-75.502078,600m/data=!3m1!1e3" }, "geometry": { "type": "Point", "coordinates": [ -75.502077560865359, 38.061948136690148 ] } },
{ "type": "Feature", "properties": { "site_id": "data/raw/naip_tiles_pc_4band_v2/site_0175.tif", "farm_name": "Minh Vinh", "county": "Worcester", "species_group": "broiler", "animal_type": "chickens_not_laying_hens", "headcount": 595000, "buildings": 13, "floor_area_m2": 41143.0, "registry_point_distance_m": 221.0, "lat": 38.189253, "lon": -75.550517, "maps_url": "https://www.google.com/maps/@38.189253,-75.550517,600m/data=!3m1!1e3" }, "geometry": { "type": "Point", "coordinates": [ -75.550516992828889, 38.189253446392769 ] } },
{ "type": "Feature", "properties": { "site_id": "data/raw/naip_tiles_pc_4band_v2/site_0213.tif", "farm_name": "Christopher Both", "county": "Caroline", "species_group": "broiler", "animal_type": "chickens_not_laying_hens", "headcount": 315000, "buildings": 12, "floor_area_m2": 31657.0, "registry_point_distance_m": 222.0, "lat": 38.796378, "lon": -75.857699, "maps_url": "https://www.google.com/maps/@38.796378,-75.857699,600m/data=!3m1!1e3" }, "geometry": { "type": "Point", "coordinates": [ -75.857699009981502, 38.796377751962126 ] } },
{ "type": "Feature", "properties": { "site_id": "data/raw/naip_tiles_pc_4band_v2/site_0011.tif", "farm_name": "Aksmah, LLC c/o Mohammad Nasir", "county": "Worcester", "species_group": "broiler", "animal_type": "chickens_not_laying_hens", "headcount": 234000, "buildings": 12, "floor_area_m2": 32046.0, "registry_point_distance_m": 524.0, "lat": 38.096596, "lon": -75.464252, "maps_url": "https://www.google.com/maps/@38.096596,-75.464252,600m/data=!3m1!1e3" }, "geometry": { "type": "Point", "coordinates": [ -75.464251936730477, 38.096596001373683 ] } },
{ "type": "Feature", "properties": { "site_id": "data/raw/naip_tiles_pc_4band_v2/site_0307.tif", "farm_name": "Quan Bui", "county": "Wicomico", "species_group": "broiler", "animal_type": "chickens_not_laying_hens", "headcount": 151800, "buildings": 12, "floor_area_m2": 30925.0, "registry_point_distance_m": 388.0, "lat": 38.367371, "lon": -75.38176, "maps_url": "https://www.google.com/maps/@38.367371,-75.38176,600m/data=!3m1!1e3" }, "geometry": { "type": "Point", "coordinates": [ -75.381760112309749, 38.367371220598713 ] } },
{ "type": "Feature", "properties": { "site_id": "data/raw/naip_tiles_pc_4band_v2/site_0112.tif", "farm_name": "Rhonda Donaway/Gator Farm", "county": "Wicomico", "species_group": "broiler", "animal_type": "chickens_not_laying_hens", "headcount": 104000, "buildings": 12, "floor_area_m2": 29586.0, "registry_point_distance_m": 340.0, "lat": 38.427712, "lon": -75.368023, "maps_url": "https://www.google.com/maps/@38.427712,-75.368023,600m/data=!3m1!1e3" }, "geometry": { "type": "Point", "coordinates": [ -75.368023374167464, 38.427712387622144 ] } },
{ "type": "Feature", "properties": { "site_id": "data/raw/naip_tiles_pc_4band_v2/site_0039.tif", "farm_name": "Alan Butler/A&P Farm", "county": "Somerset", "species_group": "broiler", "animal_type": "chickens_not_laying_hens", "headcount": 114000, "buildings": 12, "floor_area_m2": 23283.0, "registry_point_distance_m": 350.0, "lat": 38.004099, "lon": -75.638989, "maps_url": "https://www.google.com/maps/@38.004099,-75.638989,600m/data=!3m1!1e3" }, "geometry": { "type": "Point", "coordinates": [ -75.638989193846456, 38.004098967353755 ] } },
{ "type": "Feature", "properties": { "site_id": "data/raw/naip_tiles_pc_4band_v2/site_0094.tif", "farm_name": "Tuckahoe River Farm Poultry LLC c/o Troy Tribbett", "county": "Caroline", "species_group": "broiler", "animal_type": "chickens_not_laying_hens", "headcount": 222600, "buildings": 12, "floor_area_m2": 39758.0, "registry_point_distance_m": 640.0, "lat": 38.842001, "lon": -75.909316, "maps_url": "https://www.google.com/maps/@38.842001,-75.909316,600m/data=!3m1!1e3" }, "geometry": { "type": "Point", "coordinates": [ -75.909315590452223, 38.84200110795085 ] } },
{ "type": "Feature", "properties": { "site_id": "data/raw/naip_tiles_pc_4band_v2/site_0127.tif", "farm_name": "Danh Tran/Danh - Loan Farm", "county": "Wicomico", "species_group": "broiler", "animal_type": "chickens_not_laying_hens", "headcount": 100000, "buildings": 11, "floor_area_m2": 18441.0, "registry_point_distance_m": 631.0, "lat": 38.410755, "lon": -75.333426, "maps_url": "https://www.google.com/maps/@38.410755,-75.333426,600m/data=!3m1!1e3" }, "geometry": { "type": "Point", "coordinates": [ -75.333426179077236, 38.410754538234968 ] } },
{ "type": "Feature", "properties": { "site_id": "data/raw/naip_tiles_pc_4band_v2/site_0237.tif", "farm_name": "Newton Bui/Vina Cao", "county": "Worcester", "species_group": "broiler", "animal_type": "chickens_not_laying_hens", "headcount": 354500, "buildings": 11, "floor_area_m2": 19964.0, "registry_point_distance_m": 266.0, "lat": 38.108933, "lon": -75.563928, "maps_url": "https://www.google.com/maps/@38.108933,-75.563928,600m/data=!3m1!1e3" }, "geometry": { "type": "Point", "coordinates": [ -75.563928239169911, 38.108932608851461 ] } },
{ "type": "Feature", "properties": { "site_id": "data/raw/naip_tiles_pc_4band_v2/site_0258.tif", "farm_name": "William Robert Thomas, Jr. / Preston Farm", "county": "Caroline", "species_group": "broiler", "animal_type": "chickens_not_laying_hens", "headcount": 108000, "buildings": 11, "floor_area_m2": 23196.0, "registry_point_distance_m": 275.0, "lat": 38.766787, "lon": -75.882937, "maps_url": "https://www.google.com/maps/@38.766787,-75.882937,600m/data=!3m1!1e3" }, "geometry": { "type": "Point", "coordinates": [ -75.882937437516105, 38.766786677483417 ] } },
{ "type": "Feature", "properties": { "site_id": "data/raw/naip_tiles_pc_4band_v2/site_0164.tif", "farm_name": "Pebble Branch Farm LLC/John P. Kelly", "county": "Worcester", "species_group": "broiler", "animal_type": "chickens_not_laying_hens", "headcount": 400000, "buildings": 11, "floor_area_m2": 30037.0, "registry_point_distance_m": 314.0, "lat": 38.002904, "lon": -75.569504, "maps_url": "https://www.google.com/maps/@38.002904,-75.569504,600m/data=!3m1!1e3" }, "geometry": { "type": "Point", "coordinates": [ -75.569504134836052, 38.002903958496802 ] } },
{ "type": "Feature", "properties": { "site_id": "data/raw/naip_tiles_pc_4band_v2/site_0138.tif", "farm_name": "Matt Campbell/Buck Oliver Farm", "county": "Wicomico", "species_group": "broiler", "animal_type": "chickens_not_laying_hens", "headcount": 40800, "buildings": 10, "floor_area_m2": 21920.0, "registry_point_distance_m": 934.0, "lat": 38.456241, "lon": -75.475904, "maps_url": "https://www.google.com/maps/@38.456241,-75.475904,600m/data=!3m1!1e3" }, "geometry": { "type": "Point", "coordinates": [ -75.475903636040812, 38.456241246390967 ] } },
{ "type": "Feature", "properties": { "site_id": "data/raw/naip_tiles_pc_4band_v2/site_0058.tif", "farm_name": "Chinh Nguyen/A, B, C Farms", "county": "Worcester", "species_group": "broiler", "animal_type": "chickens_not_laying_hens", "headcount": 333000, "buildings": 10, "floor_area_m2": 23656.0, "registry_point_distance_m": 326.0, "lat": 38.053732, "lon": -75.582316, "maps_url": "https://www.google.com/maps/@38.053732,-75.582316,600m/data=!3m1!1e3" }, "geometry": { "type": "Point", "coordinates": [ -75.582315649447011, 38.053732030961442 ] } },
{ "type": "Feature", "properties": { "site_id": "data/raw/naip_tiles_pc_4band_v2/site_0152.tif", "farm_name": "Chicken City, LTD. c/o Brian Derrickson", "county": "Worcester", "species_group": "broiler", "animal_type": "chickens_not_laying_hens", "headcount": 213500, "buildings": 10, "floor_area_m2": 18454.0, "registry_point_distance_m": 190.0, "lat": 38.022455, "lon": -75.558888, "maps_url": "https://www.google.com/maps/@38.022455,-75.558888,600m/data=!3m1!1e3" }, "geometry": { "type": "Point", "coordinates": [ -75.558887784722799, 38.022454901867107 ] } },
{ "type": "Feature", "properties": { "site_id": "data/raw/naip_tiles_pc_4band_v2/site_0219.tif", "farm_name": "Hussain Farm, LLC/Samar Abbas", "county": "Wicomico", "species_group": "broiler", "animal_type": "chickens_not_laying_hens", "headcount": 89900, "buildings": 10, "floor_area_m2": 15699.0, "registry_point_distance_m": 381.0, "lat": 38.452143, "lon": -75.528034, "maps_url": "https://www.google.com/maps/@38.452143,-75.528034,600m/data=!3m1!1e3" }, "geometry": { "type": "Point", "coordinates": [ -75.528033949361927, 38.452143452165572 ] } },
{ "type": "Feature", "properties": { "site_id": "data/raw/naip_tiles_pc_4band_v2/site_0406.tif", "farm_name": "Alex Moore", "county": "Queen Anne's", "species_group": "broiler", "animal_type": "chickens_not_laying_hens", "headcount": 112000, "buildings": 10, "floor_area_m2": 25146.0, "registry_point_distance_m": 396.0, "lat": 39.140075, "lon": -75.915145, "maps_url": "https://www.google.com/maps/@39.140075,-75.915145,600m/data=!3m1!1e3" }, "geometry": { "type": "Point", "coordinates": [ -75.915144877143234, 39.140075024437515 ] } },
{ "type": "Feature", "properties": { "site_id": "data/raw/naip_tiles_pc_4band_v2/site_0187.tif", "farm_name": "Joshua Thang/ Thang Family Farm", "county": "Worcester", "species_group": "broiler", "animal_type": "chickens_not_laying_hens", "headcount": 210000, "buildings": 10, "floor_area_m2": 20942.0, "registry_point_distance_m": 742.0, "lat": 38.004111, "lon": -75.490957, "maps_url": "https://www.google.com/maps/@38.004111,-75.490957,600m/data=!3m1!1e3" }, "geometry": { "type": "Point", "coordinates": [ -75.490956747812447, 38.004110617303844 ] } },
{ "type": "Feature", "properties": { "site_id": "data/raw/naip_tiles_pc_4band_v2/site_0351.tif", "farm_name": "Mark Eck/Eck Farm (Expansion)", "county": "Caroline", "species_group": "broiler", "animal_type": "chickens_not_laying_hens", "headcount": 188000, "buildings": 9, "floor_area_m2": 21275.0, "registry_point_distance_m": 624.0, "lat": 39.084254, "lon": -75.853029, "maps_url": "https://www.google.com/maps/@39.084254,-75.853029,600m/data=!3m1!1e3" }, "geometry": { "type": "Point", "coordinates": [ -75.853028714586543, 39.08425439029935 ] } },
{ "type": "Feature", "properties": { "site_id": "data/raw/naip_tiles_pc_4band_v2/site_0208.tif", "farm_name": "Tu Do/Chelsea Farm", "county": "Somerset", "species_group": "broiler", "animal_type": "chickens_not_laying_hens", "headcount": 270000, "buildings": 9, "floor_area_m2": 19583.0, "registry_point_distance_m": 192.0, "lat": 38.162392, "lon": -75.634798, "maps_url": "https://www.google.com/maps/@38.162392,-75.634798,600m/data=!3m1!1e3" }, "geometry": { "type": "Point", "coordinates": [ -75.634798218985665, 38.162391540704014 ] } },
{ "type": "Feature", "properties": { "site_id": "data/raw/naip_tiles_pc_4band_v2/site_0048.tif", "farm_name": "Peter and Joseph Farm Inc. c/o Peter Tran", "county": "Somerset", "species_group": "broiler", "animal_type": "chickens_not_laying_hens", "headcount": 238400, "buildings": 9, "floor_area_m2": 19173.0, "registry_point_distance_m": 182.0, "lat": 38.219333, "lon": -75.651992, "maps_url": "https://www.google.com/maps/@38.219333,-75.651992,600m/data=!3m1!1e3" }, "geometry": { "type": "Point", "coordinates": [ -75.651992401138685, 38.219333398284043 ] } },
{ "type": "Feature", "properties": { "site_id": "data/raw/naip_tiles_pc_4band_v2/site_0304.tif", "farm_name": "Gujrat Farms LLC", "county": "Caroline", "species_group": "broiler", "animal_type": "chickens_not_laying_hens", "headcount": 248000, "buildings": 9, "floor_area_m2": 27307.0, "registry_point_distance_m": 193.0, "lat": 38.854295, "lon": -75.805045, "maps_url": "https://www.google.com/maps/@38.854295,-75.805045,600m/data=!3m1!1e3" }, "geometry": { "type": "Point", "coordinates": [ -75.805044597516243, 38.854295219044062 ] } },
{ "type": "Feature", "properties": { "site_id": "data/raw/naip_tiles_pc_4band_v2/site_0271.tif", "farm_name": "Ariann Le/Phat Chix Farm", "county": "Wicomico", "species_group": "broiler", "animal_type": "chickens_not_laying_hens", "headcount": 260000, "buildings": 9, "floor_area_m2": 21005.0, "registry_point_distance_m": 328.0, "lat": 38.405502, "lon": -75.450298, "maps_url": "https://www.google.com/maps/@38.405502,-75.450298,600m/data=!3m1!1e3" }, "geometry": { "type": "Point", "coordinates": [ -75.450298010053913, 38.405501579380712 ] } },
{ "type": "Feature", "properties": { "site_id": "data/raw/naip_tiles_pc_4band_v2/site_0345.tif", "farm_name": "Sansi & Virk LLC c/o Rizwan Zafar", "county": "Caroline", "species_group": "broiler", "animal_type": "chickens_not_laying_hens", "headcount": 254700, "buildings": 9, "floor_area_m2": 19842.0, "registry_point_distance_m": 579.0, "lat": 39.007215, "lon": -75.840069, "maps_url": "https://www.google.com/maps/@39.007215,-75.840069,600m/data=!3m1!1e3" }, "geometry": { "type": "Point", "coordinates": [ -75.840069101557233, 39.007214765284346 ] } },
{ "type": "Feature", "properties": { "site_id": "data/raw/naip_tiles_pc_4band_v2/site_0203.tif", "farm_name": "Bawi Hlun/ Chan UK", "county": "Somerset", "species_group": "unknown", "animal_type": "unknown", "headcount": 0, "buildings": 9, "floor_area_m2": 15541.0, "registry_point_distance_m": 167.0, "lat": 38.25443, "lon": -75.648408, "maps_url": "https://www.google.com/maps/@38.25443,-75.648408,600m/data=!3m1!1e3" }, "geometry": { "type": "Point", "coordinates": [ -75.648407695370409, 38.254430292354492 ] } },
{ "type": "Feature", "properties": { "site_id": "data/raw/naip_tiles_pc_4band_v2/site_0171.tif", "farm_name": "Willis E. Redden Farm", "county": "Worcester", "species_group": "broiler", "animal_type": "chickens_not_laying_hens", "headcount": 272000, "buildings": 9, "floor_area_m2": 23528.0, "registry_point_distance_m": 160.0, "lat": 38.061689, "lon": -75.48666, "maps_url": "https://www.google.com/maps/@38.061689,-75.48666,600m/data=!3m1!1e3" }, "geometry": { "type": "Point", "coordinates": [ -75.486660086425758, 38.061688850890654 ] } },
{ "type": "Feature", "properties": { "site_id": "data/raw/naip_tiles_pc_4band_v2/site_0155.tif", "farm_name": "Aberdeen Farm LLC", "county": "Worcester", "species_group": "broiler", "animal_type": "chickens_not_laying_hens", "headcount": 108000, "buildings": 9, "floor_area_m2": 30680.0, "registry_point_distance_m": 277.0, "lat": 38.049919, "lon": -75.533946, "maps_url": "https://www.google.com/maps/@38.049919,-75.533946,600m/data=!3m1!1e3" }, "geometry": { "type": "Point", "coordinates": [ -75.533945719946388, 38.04991949143561 ] } },
{ "type": "Feature", "properties": { "site_id": "data/raw/naip_tiles_pc_4band_v2/site_0396.tif", "farm_name": "Chien B. Le/ Michelle and Le Ban Farm", "county": "Worcester", "species_group": "broiler", "animal_type": "chickens_not_laying_hens", "headcount": 240000, "buildings": 9, "floor_area_m2": 21301.0, "registry_point_distance_m": 285.0, "lat": 38.038979, "lon": -75.52155, "maps_url": "https://www.google.com/maps/@38.038979,-75.52155,600m/data=!3m1!1e3" }, "geometry": { "type": "Point", "coordinates": [ -75.521549725106325, 38.038978834916321 ] } },
{ "type": "Feature", "properties": { "site_id": "data/raw/naip_tiles_pc_4band_v2/site_0181.tif", "farm_name": "Tue D. Nguyen", "county": "Worcester", "species_group": "broiler", "animal_type": "chickens_not_laying_hens", "headcount": 168000, "buildings": 9, "floor_area_m2": 17547.0, "registry_point_distance_m": 283.0, "lat": 38.04947, "lon": -75.507361, "maps_url": "https://www.google.com/maps/@38.04947,-75.507361,600m/data=!3m1!1e3" }, "geometry": { "type": "Point", "coordinates": [ -75.507360988083761, 38.049470311442811 ] } },
{ "type": "Feature", "properties": { "site_id": "data/raw/naip_tiles_pc_4band_v2/site_0159.tif", "farm_name": "Choudery Farms, LLC c/o Shabbir Choudery", "county": "Worcester", "species_group": "broiler", "animal_type": "chickens_not_laying_hens", "headcount": 239000, "buildings": 9, "floor_area_m2": 15622.0, "registry_point_distance_m": 117.0, "lat": 38.111494, "lon": -75.46302, "maps_url": "https://www.google.com/maps/@38.111494,-75.46302,600m/data=!3m1!1e3" }, "geometry": { "type": "Point", "coordinates": [ -75.46302030684916, 38.111494391096286 ] } },
{ "type": "Feature", "properties": { "site_id": "data/raw/naip_tiles_pc_4band_v2/site_0150.tif", "farm_name": "Mark Nguyen/Mark & Jayden Farm", "county": "Wicomico", "species_group": "broiler", "animal_type": "chickens_not_laying_hens", "headcount": 239000, "buildings": 9, "floor_area_m2": 16536.0, "registry_point_distance_m": 328.0, "lat": 38.437605, "lon": -75.451276, "maps_url": "https://www.google.com/maps/@38.437605,-75.451276,600m/data=!3m1!1e3" }, "geometry": { "type": "Point", "coordinates": [ -75.451276424138101, 38.437605253503534 ] } },
{ "type": "Feature", "properties": { "site_id": "data/raw/naip_tiles_pc_4band_v2/site_0323.tif", "farm_name": "Al Barkat Farms LLC", "county": "Wicomico", "species_group": "broiler", "animal_type": "chickens_not_laying_hens", "headcount": 262400, "buildings": 9, "floor_area_m2": 28877.0, "registry_point_distance_m": 116.0, "lat": 38.51856, "lon": -75.71435, "maps_url": "https://www.google.com/maps/@38.51856,-75.71435,600m/data=!3m1!1e3" }, "geometry": { "type": "Point", "coordinates": [ -75.714349625473332, 38.518560055133982 ] } },
{ "type": "Feature", "properties": { "site_id": "data/raw/naip_tiles_pc_4band_v2/site_0158.tif", "farm_name": "Cedar Livesstock Farm LLC", "county": "Worcester", "species_group": "broiler", "animal_type": "chickens_not_laying_hens", "headcount": 290400, "buildings": 9, "floor_area_m2": 19118.0, "registry_point_distance_m": 471.0, "lat": 38.317984, "lon": -75.267812, "maps_url": "https://www.google.com/maps/@38.317984,-75.267812,600m/data=!3m1!1e3" }, "geometry": { "type": "Point", "coordinates": [ -75.267812111107631, 38.317983611519324 ] } },
{ "type": "Feature", "properties": { "site_id": "data/raw/naip_tiles_pc_4band_v2/site_0148.tif", "farm_name": "S. Truitt Poultry c/o Samantha Truitt", "county": "Worcester", "species_group": "broiler", "animal_type": "chickens_not_laying_hens", "headcount": 184000, "buildings": 9, "floor_area_m2": 15646.0, "registry_point_distance_m": 580.0, "lat": 38.412258, "lon": -75.312829, "maps_url": "https://www.google.com/maps/@38.412258,-75.312829,600m/data=!3m1!1e3" }, "geometry": { "type": "Point", "coordinates": [ -75.312829276056306, 38.41225822369924 ] } },
{ "type": "Feature", "properties": { "site_id": "data/raw/naip_tiles_pc_4band_v2/site_0067.tif", "farm_name": "Jack Holt, Jr.", "county": "Queen Anne's", "species_group": "broiler", "animal_type": "chickens_not_laying_hens", "headcount": 120000, "buildings": 8, "floor_area_m2": 19639.0, "registry_point_distance_m": 67.0, "lat": 39.132387, "lon": -75.800692, "maps_url": "https://www.google.com/maps/@39.132387,-75.800692,600m/data=!3m1!1e3" }, "geometry": { "type": "Point", "coordinates": [ -75.800692075757823, 39.132387350309259 ] } },
{ "type": "Feature", "properties": { "site_id": "data/raw/naip_tiles_pc_4band_v2/site_0273.tif", "farm_name": "Moon Farm, LLC/ Hassan Waheed", "county": "Somerset", "species_group": "broiler", "animal_type": "chickens_not_laying_hens", "headcount": 320000, "buildings": 8, "floor_area_m2": 18165.0, "registry_point_distance_m": 139.0, "lat": 38.15077, "lon": -75.581858, "maps_url": "https://www.google.com/maps/@38.15077,-75.581858,600m/data=!3m1!1e3" }, "geometry": { "type": "Point", "coordinates": [ -75.581858199924284, 38.150769760763708 ] } },
{ "type": "Feature", "properties": { "site_id": "data/raw/naip_tiles_pc_4band_v2/site_0276.tif", "farm_name": "Michael A. Lesniowski/H.D. Myles/Barclay Farm", "county": "Queen Anne's", "species_group": "broiler", "animal_type": "chickens_not_laying_hens", "headcount": 268600, "buildings": 8, "floor_area_m2": 21165.0, "registry_point_distance_m": 182.0, "lat": 39.158149, "lon": -75.866893, "maps_url": "https://www.google.com/maps/@39.158149,-75.866893,600m/data=!3m1!1e3" }, "geometry": { "type": "Point", "coordinates": [ -75.866892839484805, 39.158149498786926 ] } },
{ "type": "Feature", "properties": { "site_id": "data/raw/naip_tiles_pc_4band_v2/site_0114.tif", "farm_name": "Conaway Farms, LLC c/o Scott Conaway/Country Time", "county": "Wicomico", "species_group": "broiler", "animal_type": "chickens_not_laying_hens", "headcount": 130000, "buildings": 8, "floor_area_m2": 16890.0, "registry_point_distance_m": 378.0, "lat": 38.392974, "lon": -75.506013, "maps_url": "https://www.google.com/maps/@38.392974,-75.506013,600m/data=!3m1!1e3" }, "geometry": { "type": "Point", "coordinates": [ -75.506013007394003, 38.39297449505105 ] } },
{ "type": "Feature", "properties": { "site_id": "data/raw/naip_tiles_pc_4band_v2/site_0398.tif", "farm_name": "Ernest Adkins Jr./Viola's Acres", "county": "Wicomico", "species_group": "broiler", "animal_type": "chickens_not_laying_hens", "headcount": 400000, "buildings": 8, "floor_area_m2": 25484.0, "registry_point_distance_m": 585.0, "lat": 38.313424, "lon": -75.434088, "maps_url": "https://www.google.com/maps/@38.313424,-75.434088,600m/data=!3m1!1e3" }, "geometry": { "type": "Point", "coordinates": [ -75.43408799150383, 38.313423904868323 ] } },
{ "type": "Feature", "properties": { "site_id": "data/raw/naip_tiles_pc_4band_v2/site_0074.tif", "farm_name": "Ishtiaq Ahmed ChaudhryGhousia Farm LLC", "county": "Dorchester", "species_group": "broiler", "animal_type": "chickens_not_laying_hens", "headcount": 219000, "buildings": 8, "floor_area_m2": 18960.0, "registry_point_distance_m": 204.0, "lat": 38.560946, "lon": -75.919718, "maps_url": "https://www.google.com/maps/@38.560946,-75.919718,600m/data=!3m1!1e3" }, "geometry": { "type": "Point", "coordinates": [ -75.919717515766749, 38.560945849194624 ] } },
{ "type": "Feature", "properties": { "site_id": "data/raw/naip_tiles_pc_4band_v2/site_0393.tif", "farm_name": "Tiny Angels LLC", "county": "Somerset", "species_group": "broiler", "animal_type": "chickens_not_laying_hens", "headcount": 270000, "buildings": 8, "floor_area_m2": 14172.0, "registry_point_distance_m": 304.0, "lat": 38.150385, "lon": -75.653885, "maps_url": "https://www.google.com/maps/@38.150385,-75.653885,600m/data=!3m1!1e3" }, "geometry": { "type": "Point", "coordinates": [ -75.653884931685312, 38.150384896883025 ] } },
{ "type": "Feature", "properties": { "site_id": "data/raw/naip_tiles_pc_4band_v2/site_0082.tif", "farm_name": "Martin E. Collison, Jr./ Marzel Farm", "county": "Caroline", "species_group": "broiler", "animal_type": "chickens_not_laying_hens", "headcount": 148800, "buildings": 8, "floor_area_m2": 12032.0, "registry_point_distance_m": 320.0, "lat": 38.975358, "lon": -75.775124, "maps_url": "https://www.google.com/maps/@38.975358,-75.775124,600m/data=!3m1!1e3" }, "geometry": { "type": "Point", "coordinates": [ -75.775124419114547, 38.975357717025283 ] } },
{ "type": "Feature", "properties": { "site_id": "data/raw/naip_tiles_pc_4band_v2/site_0087.tif", "farm_name": "Possum Hill Farms, Inc.", "county": "Caroline", "species_group": "broiler", "animal_type": "chickens_not_laying_hens", "headcount": 159000, "buildings": 8, "floor_area_m2": 16830.0, "registry_point_distance_m": 674.0, "lat": 38.773354, "lon": -75.737689, "maps_url": "https://www.google.com/maps/@38.773354,-75.737689,600m/data=!3m1!1e3" }, "geometry": { "type": "Point", "coordinates": [ -75.737689229515695, 38.773354091887974 ] } },
{ "type": "Feature", "properties": { "site_id": "data/raw/naip_tiles_pc_4band_v2/site_0306.tif", "farm_name": "Long Pham/Megan Farm", "county": "Wicomico", "species_group": "broiler", "animal_type": "chickens_not_laying_hens", "headcount": 256000, "buildings": 8, "floor_area_m2": 24383.0, "registry_point_distance_m": 318.0, "lat": 38.390791, "lon": -75.65241, "maps_url": "https://www.google.com/maps/@38.390791,-75.65241,600m/data=!3m1!1e3" }, "geometry": { "type": "Point", "coordinates": [ -75.652409512134128, 38.390791195510253 ] } },
{ "type": "Feature", "properties": { "site_id": "data/raw/naip_tiles_pc_4band_v2/site_0193.tif", "farm_name": "Garrett Luthy", "county": "Dorchester", "species_group": "broiler", "animal_type": "chickens_not_laying_hens", "headcount": 80000, "buildings": 8, "floor_area_m2": 11781.0, "registry_point_distance_m": 503.0, "lat": 38.451204, "lon": -76.024909, "maps_url": "https://www.google.com/maps/@38.451204,-76.024909,600m/data=!3m1!1e3" }, "geometry": { "type": "Point", "coordinates": [ -76.024909477468867, 38.451204166288584 ] } },
{ "type": "Feature", "properties": { "site_id": "data/raw/naip_tiles_pc_4band_v2/site_0040.tif", "farm_name": "Vy Tran, LLC/ Vy Tran", "county": "Somerset", "species_group": "broiler", "animal_type": "chickens_not_laying_hens", "headcount": 170000, "buildings": 8, "floor_area_m2": 17245.0, "registry_point_distance_m": 224.0, "lat": 38.214164, "lon": -75.651015, "maps_url": "https://www.google.com/maps/@38.214164,-75.651015,600m/data=!3m1!1e3" }, "geometry": { "type": "Point", "coordinates": [ -75.651015408099454, 38.214164321869625 ] } },
{ "type": "Feature", "properties": { "site_id": "data/raw/naip_tiles_pc_4band_v2/site_0346.tif", "farm_name": "Justin Murphy/Murphy's Crusting & Uniloader Service, Inc.", "county": "Dorchester", "species_group": "broiler", "animal_type": "chickens_not_laying_hens", "headcount": 320000, "buildings": 8, "floor_area_m2": 26948.0, "registry_point_distance_m": 568.0, "lat": 38.571729, "lon": -75.755222, "maps_url": "https://www.google.com/maps/@38.571729,-75.755222,600m/data=!3m1!1e3" }, "geometry": { "type": "Point", "coordinates": [ -75.755221906391014, 38.571729274714137 ] } },
{ "type": "Feature", "properties": { "site_id": "data/raw/naip_tiles_pc_4band_v2/site_0381.tif", "farm_name": "Ideal Farm, Inc./Choudhry Asif", "county": "Wicomico", "species_group": "broiler", "animal_type": "chickens_not_laying_hens", "headcount": 285000, "buildings": 8, "floor_area_m2": 24821.0, "registry_point_distance_m": 466.0, "lat": 38.310027, "lon": -75.543574, "maps_url": "https://www.google.com/maps/@38.310027,-75.543574,600m/data=!3m1!1e3" }, "geometry": { "type": "Point", "coordinates": [ -75.543574379197622, 38.310026614099492 ] } },
{ "type": "Feature", "properties": { "site_id": "data/raw/naip_tiles_pc_4band_v2/site_0025.tif", "farm_name": "Eric Pardee", "county": "Kent", "species_group": "broiler", "animal_type": "chickens_not_laying_hens", "headcount": 169000, "buildings": 8, "floor_area_m2": 15037.0, "registry_point_distance_m": 241.0, "lat": 39.235903, "lon": -75.963667, "maps_url": "https://www.google.com/maps/@39.235903,-75.963667,600m/data=!3m1!1e3" }, "geometry": { "type": "Point", "coordinates": [ -75.963667383260244, 39.235902888992733 ] } },
{ "type": "Feature", "properties": { "site_id": "data/raw/naip_tiles_pc_4band_v2/site_0409.tif", "farm_name": "KC Farms LLC", "county": "Queen Anne's", "species_group": "broiler", "animal_type": "chickens_not_laying_hens", "headcount": 288000, "buildings": 8, "floor_area_m2": 25174.0, "registry_point_distance_m": 316.0, "lat": 39.161205, "lon": -75.859745, "maps_url": "https://www.google.com/maps/@39.161205,-75.859745,600m/data=!3m1!1e3" }, "geometry": { "type": "Point", "coordinates": [ -75.859744557489165, 39.16120493876528 ] } },
{ "type": "Feature", "properties": { "site_id": "data/raw/naip_tiles_pc_4band_v2/site_0324.tif", "farm_name": "Cam Tu Pham/P&N Farm, LLC", "county": "Wicomico", "species_group": "broiler", "animal_type": "chickens_not_laying_hens", "headcount": 304000, "buildings": 8, "floor_area_m2": 27064.0, "registry_point_distance_m": 298.0, "lat": 38.327673, "lon": -75.713052, "maps_url": "https://www.google.com/maps/@38.327673,-75.713052,600m/data=!3m1!1e3" }, "geometry": { "type": "Point", "coordinates": [ -75.713051904769742, 38.327672791139079 ] } },
{ "type": "Feature", "properties": { "site_id": "data/raw/naip_tiles_pc_4band_v2/site_0191.tif", "farm_name": "Van Hmun and Lily Sui/Fox Run & Little Blackwater", "county": "Dorchester", "species_group": "broiler", "animal_type": "chickens_not_laying_hens", "headcount": 144800, "buildings": 8, "floor_area_m2": 14763.0, "registry_point_distance_m": 246.0, "lat": 38.523096, "lon": -76.048252, "maps_url": "https://www.google.com/maps/@38.523096,-76.048252,600m/data=!3m1!1e3" }, "geometry": { "type": "Point", "coordinates": [ -76.04825233455216, 38.523095571016171 ] } },
{ "type": "Feature", "properties": { "site_id": "data/raw/naip_tiles_pc_4band_v2/site_0312.tif", "farm_name": "Ishfaq Ahmed/APNA Farms, LLC (New Construction)", "county": "Worcester", "species_group": "broiler", "animal_type": "chickens_not_laying_hens", "headcount": 328000, "buildings": 8, "floor_area_m2": 24354.0, "registry_point_distance_m": 274.0, "lat": 38.322009, "lon": -75.314495, "maps_url": "https://www.google.com/maps/@38.322009,-75.314495,600m/data=!3m1!1e3" }, "geometry": { "type": "Point", "coordinates": [ -75.31449542327465, 38.322009094719569 ] } },
{ "type": "Feature", "properties": { "site_id": "data/raw/naip_tiles_pc_4band_v2/site_0144.tif", "farm_name": "Tony Pham/Tiffany and Nancy Farms", "county": "Wicomico", "species_group": "broiler", "animal_type": "chickens_not_laying_hens", "headcount": 215100, "buildings": 8, "floor_area_m2": 15103.0, "registry_point_distance_m": 178.0, "lat": 38.364556, "lon": -75.371521, "maps_url": "https://www.google.com/maps/@38.364556,-75.371521,600m/data=!3m1!1e3" }, "geometry": { "type": "Point", "coordinates": [ -75.371520689752074, 38.364555555118478 ] } },
{ "type": "Feature", "properties": { "site_id": "data/raw/naip_tiles_pc_4band_v2/site_0267.tif", "farm_name": "Sam's Farm, Incorporated", "county": "Worcester", "species_group": "broiler", "animal_type": "chickens_not_laying_hens", "headcount": 257000, "buildings": 8, "floor_area_m2": 21686.0, "registry_point_distance_m": 178.0, "lat": 38.081538, "lon": -75.439662, "maps_url": "https://www.google.com/maps/@38.081538,-75.439662,600m/data=!3m1!1e3" }, "geometry": { "type": "Point", "coordinates": [ -75.439662399687876, 38.081537864025883 ] } },
{ "type": "Feature", "properties": { "site_id": "data/raw/naip_tiles_pc_4band_v2/site_0201.tif", "farm_name": "Van Lian/Sang Sang's Family Farm", "county": "Worcester", "species_group": "broiler", "animal_type": "chickens_not_laying_hens", "headcount": 176400, "buildings": 8, "floor_area_m2": 13200.0, "registry_point_distance_m": 264.0, "lat": 38.436031, "lon": -75.180149, "maps_url": "https://www.google.com/maps/@38.436031,-75.180149,600m/data=!3m1!1e3" }, "geometry": { "type": "Point", "coordinates": [ -75.180149332276898, 38.436031157168799 ] } },
{ "type": "Feature", "properties": { "site_id": "data/raw/naip_tiles_pc_4band_v2/site_0210.tif", "farm_name": "Moore Farms, Inc. c/o William A. Moore Jr.", "county": "Talbot", "species_group": "broiler", "animal_type": "chickens_not_laying_hens", "headcount": 179500, "buildings": 8, "floor_area_m2": 15304.0, "registry_point_distance_m": 386.0, "lat": 38.878329, "lon": -75.965474, "maps_url": "https://www.google.com/maps/@38.878329,-75.965474,600m/data=!3m1!1e3" }, "geometry": { "type": "Point", "coordinates": [ -75.965474164259049, 38.878328521838199 ] } },
{ "type": "Feature", "properties": { "site_id": "data/raw/naip_tiles_pc_4band_v2/site_0391.tif", "farm_name": "Nhan Cao Dang", "county": "Wicomico", "species_group": "broiler", "animal_type": "chickens_not_laying_hens", "headcount": 240000, "buildings": 8, "floor_area_m2": 23453.0, "registry_point_distance_m": 251.0, "lat": 38.441347, "lon": -75.506134, "maps_url": "https://www.google.com/maps/@38.441347,-75.506134,600m/data=!3m1!1e3" }, "geometry": { "type": "Point", "coordinates": [ -75.50613433767667, 38.441346653865125 ] } },
{ "type": "Feature", "properties": { "site_id": "data/raw/naip_tiles_pc_4band_v2/site_0216.tif", "farm_name": "Randy Collins/Home Farm", "county": "Caroline", "species_group": "broiler", "animal_type": "chickens_not_laying_hens", "headcount": 84000, "buildings": 7, "floor_area_m2": 11451.0, "registry_point_distance_m": 664.0, "lat": 38.682191, "lon": -75.799101, "maps_url": "https://www.google.com/maps/@38.682191,-75.799101,600m/data=!3m1!1e3" }, "geometry": { "type": "Point", "coordinates": [ -75.799100749073816, 38.682191073878485 ] } },
{ "type": "Feature", "properties": { "site_id": "data/raw/naip_tiles_pc_4band_v2/site_0370.tif", "farm_name": "Ronald A. Rogala/Auction Acres", "county": "Caroline", "species_group": "broiler", "animal_type": "chickens_not_laying_hens", "headcount": 62500, "buildings": 7, "floor_area_m2": 14085.0, "registry_point_distance_m": 677.0, "lat": 38.766547, "lon": -75.83626, "maps_url": "https://www.google.com/maps/@38.766547,-75.83626,600m/data=!3m1!1e3" }, "geometry": { "type": "Point", "coordinates": [ -75.83625977599435, 38.766547049748802 ] } },
{ "type": "Feature", "properties": { "site_id": "data/raw/naip_tiles_pc_4band_v2/site_0228.tif", "farm_name": "Hai Xuan Ha/Ha Nguyen", "county": "Worcester", "species_group": "broiler", "animal_type": "chickens_not_laying_hens", "headcount": 240000, "buildings": 7, "floor_area_m2": 16301.0, "registry_point_distance_m": 443.0, "lat": 38.249457, "lon": -75.298847, "maps_url": "https://www.google.com/maps/@38.249457,-75.298847,600m/data=!3m1!1e3" }, "geometry": { "type": "Point", "coordinates": [ -75.298846568419037, 38.249456563438372 ] } },
{ "type": "Feature", "properties": { "site_id": "data/raw/naip_tiles_pc_4band_v2/site_0225.tif", "farm_name": "Quyen Nguyen/Lam Farm", "county": "Worcester", "species_group": "broiler", "animal_type": "chickens_not_laying_hens", "headcount": 132700, "buildings": 7, "floor_area_m2": 9412.0, "registry_point_distance_m": 162.0, "lat": 38.423545, "lon": -75.158131, "maps_url": "https://www.google.com/maps/@38.423545,-75.158131,600m/data=!3m1!1e3" }, "geometry": { "type": "Point", "coordinates": [ -75.15813128852696, 38.423545032830923 ] } },
{ "type": "Feature", "properties": { "site_id": "data/raw/naip_tiles_pc_4band_v2/site_0111.tif", "farm_name": "Richard C. Hall/Hopeful Harvest & Halladise Farms", "county": "Dorchester", "species_group": "broiler", "animal_type": "chickens_not_laying_hens", "headcount": 121000, "buildings": 7, "floor_area_m2": 13021.0, "registry_point_distance_m": 286.0, "lat": 38.559937, "lon": -75.909713, "maps_url": "https://www.google.com/maps/@38.559937,-75.909713,600m/data=!3m1!1e3" }, "geometry": { "type": "Point", "coordinates": [ -75.909713408026647, 38.55993731391019 ] } },
{ "type": "Feature", "properties": { "site_id": "data/raw/naip_tiles_pc_4band_v2/site_0005.tif", "farm_name": "Cal-Maine Foods, Inc.-Layers", "county": "Cecil", "species_group": "poultry_other", "animal_type": "laying_hens_dry_manure", "headcount": 2003838, "buildings": 7, "floor_area_m2": 16172.0, "registry_point_distance_m": 414.0, "lat": 39.407294, "lon": -75.805396, "maps_url": "https://www.google.com/maps/@39.407294,-75.805396,600m/data=!3m1!1e3" }, "geometry": { "type": "Point", "coordinates": [ -75.805395861896457, 39.407294428947054 ] } },
{ "type": "Feature", "properties": { "site_id": "data/raw/naip_tiles_pc_4band_v2/site_0205.tif", "farm_name": "Luu Hoang/Golden Chicken Farm, LLC", "county": "Somerset", "species_group": "broiler", "animal_type": "chickens_not_laying_hens", "headcount": 200000, "buildings": 7, "floor_area_m2": 15995.0, "registry_point_distance_m": 451.0, "lat": 38.141374, "lon": -75.733518, "maps_url": "https://www.google.com/maps/@38.141374,-75.733518,600m/data=!3m1!1e3" }, "geometry": { "type": "Point", "coordinates": [ -75.733517780757765, 38.141374159387141 ] } },
{ "type": "Feature", "properties": { "site_id": "data/raw/naip_tiles_pc_4band_v2/site_0161.tif", "farm_name": "Pham Farms, LLC/ Thoan V. Pham & Peter L. Pham", "county": "Worcester", "species_group": "broiler", "animal_type": "chickens_not_laying_hens", "headcount": 219700, "buildings": 7, "floor_area_m2": 12517.0, "registry_point_distance_m": 138.0, "lat": 38.081184, "lon": -75.499892, "maps_url": "https://www.google.com/maps/@38.081184,-75.499892,600m/data=!3m1!1e3" }, "geometry": { "type": "Point", "coordinates": [ -75.49989201987843, 38.081184293695124 ] } },
{ "type": "Feature", "properties": { "site_id": "data/raw/naip_tiles_pc_4band_v2/site_0215.tif", "farm_name": "Rose Farm, LLC c/o Sarfraz Ahmad", "county": "Wicomico", "species_group": "broiler", "animal_type": "chickens_not_laying_hens", "headcount": 190000, "buildings": 7, "floor_area_m2": 17480.0, "registry_point_distance_m": 164.0, "lat": 38.411763, "lon": -75.377775, "maps_url": "https://www.google.com/maps/@38.411763,-75.377775,600m/data=!3m1!1e3" }, "geometry": { "type": "Point", "coordinates": [ -75.377774602506165, 38.411763139959461 ] } },
{ "type": "Feature", "properties": { "site_id": "data/raw/naip_tiles_pc_4band_v2/site_0174.tif", "farm_name": "Levinh Farm LLC c/o Minh Vinh", "county": "Worcester", "species_group": "broiler", "animal_type": "chickens_not_laying_hens", "headcount": 232300, "buildings": 7, "floor_area_m2": 14874.0, "registry_point_distance_m": 257.0, "lat": 38.082075, "lon": -75.494455, "maps_url": "https://www.google.com/maps/@38.082075,-75.494455,600m/data=!3m1!1e3" }, "geometry": { "type": "Point", "coordinates": [ -75.494454609195728, 38.082074885893498 ] } },
{ "type": "Feature", "properties": { "site_id": "data/raw/naip_tiles_pc_4band_v2/site_0053.tif", "farm_name": "M&C Vessey Farm, Inc/Cuckoo's Nest Farm", "county": "Somerset", "species_group": "broiler", "animal_type": "chickens_not_laying_hens", "headcount": 240000, "buildings": 7, "floor_area_m2": 15960.0, "registry_point_distance_m": 526.0, "lat": 38.057881, "lon": -75.650745, "maps_url": "https://www.google.com/maps/@38.057881,-75.650745,600m/data=!3m1!1e3" }, "geometry": { "type": "Point", "coordinates": [ -75.650745466045493, 38.057881283127699 ] } },
{ "type": "Feature", "properties": { "site_id": "data/raw/naip_tiles_pc_4band_v2/site_0047.tif", "farm_name": "Smithville View Farm, LLC/Howard MacDonald", "county": "Caroline", "species_group": "broiler", "animal_type": "chickens_not_laying_hens", "headcount": 44000, "buildings": 7, "floor_area_m2": 13162.0, "registry_point_distance_m": 891.0, "lat": 38.820006, "lon": -75.793917, "maps_url": "https://www.google.com/maps/@38.820006,-75.793917,600m/data=!3m1!1e3" }, "geometry": { "type": "Point", "coordinates": [ -75.793917075429718, 38.820005536591694 ] } },
{ "type": "Feature", "properties": { "site_id": "data/raw/naip_tiles_pc_4band_v2/site_0405.tif", "farm_name": "Hoa Tran/Morning Sun LLC/Tranquility Farm", "county": "Worcester", "species_group": "broiler", "animal_type": "chickens_not_laying_hens", "headcount": 255000, "buildings": 7, "floor_area_m2": 14931.0, "registry_point_distance_m": 264.0, "lat": 38.076022, "lon": -75.481731, "maps_url": "https://www.google.com/maps/@38.076022,-75.481731,600m/data=!3m1!1e3" }, "geometry": { "type": "Point", "coordinates": [ -75.481730620015057, 38.076022487950787 ] } },
{ "type": "Feature", "properties": { "site_id": "data/raw/naip_tiles_pc_4band_v2/site_0057.tif", "farm_name": "Howard Overholt/Honeysuckle Farm Inc.", "county": "Somerset", "species_group": "broiler", "animal_type": "chickens_not_laying_hens", "headcount": 216000, "buildings": 7, "floor_area_m2": 17357.0, "registry_point_distance_m": 105.0, "lat": 38.080302, "lon": -75.645224, "maps_url": "https://www.google.com/maps/@38.080302,-75.645224,600m/data=!3m1!1e3" }, "geometry": { "type": "Point", "coordinates": [ -75.645224017938816, 38.080302049608946 ] } },
{ "type": "Feature", "properties": { "site_id": "data/raw/naip_tiles_pc_4band_v2/site_0344.tif", "farm_name": "Larry Nagel Farm", "county": "Caroline", "species_group": "broiler", "animal_type": "chickens_not_laying_hens", "headcount": 61000, "buildings": 7, "floor_area_m2": 11055.0, "registry_point_distance_m": 380.0, "lat": 38.717951, "lon": -75.806238, "maps_url": "https://www.google.com/maps/@38.717951,-75.806238,600m/data=!3m1!1e3" }, "geometry": { "type": "Point", "coordinates": [ -75.806237700780656, 38.717950509233198 ] } },
{ "type": "Feature", "properties": { "site_id": "data/raw/naip_tiles_pc_4band_v2/site_0274.tif", "farm_name": "Bartenfelder Poultry Farm, LLC / Andrew Joseph Bartenfelder", "county": "Dorchester", "species_group": "broiler", "animal_type": "chickens_not_laying_hens", "headcount": 48000, "buildings": 7, "floor_area_m2": 14068.0, "registry_point_distance_m": 921.0, "lat": 38.697265, "lon": -75.884109, "maps_url": "https://www.google.com/maps/@38.697265,-75.884109,600m/data=!3m1!1e3" }, "geometry": { "type": "Point", "coordinates": [ -75.884108931759172, 38.697264557312231 ] } },
{ "type": "Feature", "properties": { "site_id": "data/raw/naip_tiles_pc_4band_v2/site_0413.tif", "farm_name": "Daniels Poultry Farm, Inc./Stanley A. Daniels Jr.", "county": "Somerset", "species_group": "broiler", "animal_type": "chickens_not_laying_hens", "headcount": 160000, "buildings": 7, "floor_area_m2": 20274.0, "registry_point_distance_m": 328.0, "lat": 38.074323, "lon": -75.65555, "maps_url": "https://www.google.com/maps/@38.074323,-75.65555,600m/data=!3m1!1e3" }, "geometry": { "type": "Point", "coordinates": [ -75.655549773457579, 38.074323260786073 ] } },
{ "type": "Feature", "properties": { "site_id": "data/raw/naip_tiles_pc_4band_v2/site_0309.tif", "farm_name": "Crescent, Inc./Athar Warraich", "county": "Wicomico", "species_group": "broiler", "animal_type": "chickens_not_laying_hens", "headcount": 228000, "buildings": 7, "floor_area_m2": 17217.0, "registry_point_distance_m": 282.0, "lat": 38.317135, "lon": -75.653856, "maps_url": "https://www.google.com/maps/@38.317135,-75.653856,600m/data=!3m1!1e3" }, "geometry": { "type": "Point", "coordinates": [ -75.653855983776509, 38.317135156679022 ] } },
{ "type": "Feature", "properties": { "site_id": "data/raw/naip_tiles_pc_4band_v2/site_0352.tif", "farm_name": "Eldwin Martin/Airview Farm", "county": "Wicomico", "species_group": "unknown", "animal_type": "unknown", "headcount": 0, "buildings": 7, "floor_area_m2": 14633.0, "registry_point_distance_m": 377.0, "lat": 38.356707, "lon": -75.521241, "maps_url": "https://www.google.com/maps/@38.356707,-75.521241,600m/data=!3m1!1e3" }, "geometry": { "type": "Point", "coordinates": [ -75.521241496928425, 38.356707437091877 ] } },
{ "type": "Feature", "properties": { "site_id": "data/raw/naip_tiles_pc_4band_v2/site_0289.tif", "farm_name": "David Phan", "county": "Dorchester", "species_group": "broiler", "animal_type": "chickens_not_laying_hens", "headcount": 230000, "buildings": 7, "floor_area_m2": 21531.0, "registry_point_distance_m": 95.0, "lat": 38.522195, "lon": -75.939323, "maps_url": "https://www.google.com/maps/@38.522195,-75.939323,600m/data=!3m1!1e3" }, "geometry": { "type": "Point", "coordinates": [ -75.939322974276166, 38.522195178355354 ] } },
{ "type": "Feature", "properties": { "site_id": "data/raw/naip_tiles_pc_4band_v2/site_0046.tif", "farm_name": "Hrang LLC", "county": "Somerset", "species_group": "broiler", "animal_type": "chickens_not_laying_hens", "headcount": 170000, "buildings": 7, "floor_area_m2": 15525.0, "registry_point_distance_m": 72.0, "lat": 38.178366, "lon": -75.801374, "maps_url": "https://www.google.com/maps/@38.178366,-75.801374,600m/data=!3m1!1e3" }, "geometry": { "type": "Point", "coordinates": [ -75.801374359224965, 38.178365975122183 ] } },
{ "type": "Feature", "properties": { "site_id": "data/raw/naip_tiles_pc_4band_v2/site_0303.tif", "farm_name": "Michael Lesniowski", "county": "Queen Anne's", "species_group": "broiler", "animal_type": "chickens_not_laying_hens", "headcount": 268800, "buildings": 7, "floor_area_m2": 17344.0, "registry_point_distance_m": 248.0, "lat": 39.118864, "lon": -75.938887, "maps_url": "https://www.google.com/maps/@39.118864,-75.938887,600m/data=!3m1!1e3" }, "geometry": { "type": "Point", "coordinates": [ -75.938887371313797, 39.118863786790421 ] } },
{ "type": "Feature", "properties": { "site_id": "data/raw/naip_tiles_pc_4band_v2/site_0316.tif", "farm_name": "Matthew P. Manship", "county": "Caroline", "species_group": "broiler", "animal_type": "chickens_not_laying_hens", "headcount": 148000, "buildings": 7, "floor_area_m2": 16728.0, "registry_point_distance_m": 283.0, "lat": 38.751806, "lon": -75.887603, "maps_url": "https://www.google.com/maps/@38.751806,-75.887603,600m/data=!3m1!1e3" }, "geometry": { "type": "Point", "coordinates": [ -75.887603303704594, 38.751806432494838 ] } },
{ "type": "Feature", "properties": { "site_id": "data/raw/naip_tiles_pc_4band_v2/site_0275.tif", "farm_name": "Dream Journey Inc.", "county": "Somerset", "species_group": "broiler", "animal_type": "chickens_not_laying_hens", "headcount": 152000, "buildings": 7, "floor_area_m2": 17827.0, "registry_point_distance_m": 168.0, "lat": 37.999741, "lon": -75.647585, "maps_url": "https://www.google.com/maps/@37.999741,-75.647585,600m/data=!3m1!1e3" }, "geometry": { "type": "Point", "coordinates": [ -75.647585202198499, 37.999740818041836 ] } },
{ "type": "Feature", "properties": { "site_id": "data/raw/naip_tiles_pc_4band_v2/site_0202.tif", "farm_name": "Ghazanffer Ali", "county": "Somerset", "species_group": "broiler", "animal_type": "chickens_not_laying_hens", "headcount": 160000, "buildings": 6, "floor_area_m2": 12430.0, "registry_point_distance_m": 146.0, "lat": 38.225917, "lon": -75.601054, "maps_url": "https://www.google.com/maps/@38.225917,-75.601054,600m/data=!3m1!1e3" }, "geometry": { "type": "Point", "coordinates": [ -75.601054043613303, 38.225917386095126 ] } },
{ "type": "Feature", "properties": { "site_id": "data/raw/naip_tiles_pc_4band_v2/site_0302.tif", "farm_name": "Mohammad Nasir/Aksmah LLC", "county": "Worcester", "species_group": "broiler", "animal_type": "chickens_not_laying_hens", "headcount": 234000, "buildings": 6, "floor_area_m2": 18788.0, "registry_point_distance_m": 172.0, "lat": 38.091844, "lon": -75.44517, "maps_url": "https://www.google.com/maps/@38.091844,-75.44517,600m/data=!3m1!1e3" }, "geometry": { "type": "Point", "coordinates": [ -75.445170135862654, 38.091844065636685 ] } },
{ "type": "Feature", "properties": { "site_id": "data/raw/naip_tiles_pc_4band_v2/site_0207.tif", "farm_name": "Cock Spur Farm LLC/Gregory Todd Higgs", "county": "Queen Anne's", "species_group": "broiler", "animal_type": "chickens_not_laying_hens", "headcount": 63000, "buildings": 6, "floor_area_m2": 8199.0, "registry_point_distance_m": 334.0, "lat": 39.096012, "lon": -76.02173, "maps_url": "https://www.google.com/maps/@39.096012,-76.02173,600m/data=!3m1!1e3" }, "geometry": { "type": "Point", "coordinates": [ -76.021729720915502, 39.096011522981179 ] } },
{ "type": "Feature", "properties": { "site_id": "data/raw/naip_tiles_pc_4band_v2/site_0130.tif", "farm_name": "Jeannette Calloway and Edward Calloway, Sr.", "county": "Wicomico", "species_group": "broiler", "animal_type": "chickens_not_laying_hens", "headcount": 164600, "buildings": 6, "floor_area_m2": 12407.0, "registry_point_distance_m": 194.0, "lat": 38.424816, "lon": -75.784715, "maps_url": "https://www.google.com/maps/@38.424816,-75.784715,600m/data=!3m1!1e3" }, "geometry": { "type": "Point", "coordinates": [ -75.784715252403089, 38.424815788451994 ] } },
{ "type": "Feature", "properties": { "site_id": "data/raw/naip_tiles_pc_4band_v2/site_0310.tif", "farm_name": "Waqar Ahmed /Emaan and Eshal Farm LLC (New Construction)", "county": "Dorchester", "species_group": "broiler", "animal_type": "chickens_not_laying_hens", "headcount": 352000, "buildings": 6, "floor_area_m2": 16573.0, "registry_point_distance_m": 902.0, "lat": 38.66327, "lon": -75.762357, "maps_url": "https://www.google.com/maps/@38.66327,-75.762357,600m/data=!3m1!1e3" }, "geometry": { "type": "Point", "coordinates": [ -75.762356815148522, 38.663270030820065 ] } },
{ "type": "Feature", "properties": { "site_id": "data/raw/naip_tiles_pc_4band_v2/site_0051.tif", "farm_name": "Nathan Wolf/Wolf Farm", "county": "Dorchester", "species_group": "broiler", "animal_type": "chickens_not_laying_hens", "headcount": 60000, "buildings": 6, "floor_area_m2": 12311.0, "registry_point_distance_m": 250.0, "lat": 38.617549, "lon": -75.780286, "maps_url": "https://www.google.com/maps/@38.617549,-75.780286,600m/data=!3m1!1e3" }, "geometry": { "type": "Point", "coordinates": [ -75.780286262251721, 38.617549299233787 ] } },
{ "type": "Feature", "properties": { "site_id": "data/raw/naip_tiles_pc_4band_v2/site_0399.tif", "farm_name": "Jagomar Farms LLC/Marissa Benjamin", "county": "Somerset", "species_group": "broiler", "animal_type": "chickens_not_laying_hens", "headcount": 312000, "buildings": 6, "floor_area_m2": 22115.0, "registry_point_distance_m": 177.0, "lat": 38.232831, "lon": -75.647667, "maps_url": "https://www.google.com/maps/@38.232831,-75.647667,600m/data=!3m1!1e3" }, "geometry": { "type": "Point", "coordinates": [ -75.647667006024776, 38.232831495034162 ] } },
{ "type": "Feature", "properties": { "site_id": "data/raw/naip_tiles_pc_4band_v2/site_0041.tif", "farm_name": "Tracy Chan/Casa Grande Farm", "county": "Somerset", "species_group": "broiler", "animal_type": "chickens_not_laying_hens", "headcount": 190000, "buildings": 6, "floor_area_m2": 14727.0, "registry_point_distance_m": 126.0, "lat": 37.982253, "lon": -75.82771, "maps_url": "https://www.google.com/maps/@37.982253,-75.82771,600m/data=!3m1!1e3" }, "geometry": { "type": "Point", "coordinates": [ -75.827709933357895, 37.98225299771029 ] } },
{ "type": "Feature", "properties": { "site_id": "data/raw/naip_tiles_pc_4band_v2/site_0272.tif", "farm_name": "Ricky T. Holland/Colona Farm", "county": "Worcester", "species_group": "broiler", "animal_type": "chickens_not_laying_hens", "headcount": 87000, "buildings": 6, "floor_area_m2": 9486.0, "registry_point_distance_m": 668.0, "lat": 38.005731, "lon": -75.591881, "maps_url": "https://www.google.com/maps/@38.005731,-75.591881,600m/data=!3m1!1e3" }, "geometry": { "type": "Point", "coordinates": [ -75.59188131763247, 38.005731275279061 ] } },
{ "type": "Feature", "properties": { "site_id": "data/raw/naip_tiles_pc_4band_v2/site_0377.tif", "farm_name": "Roland Young", "county": "Caroline", "species_group": "broiler", "animal_type": "chickens_not_laying_hens", "headcount": 108000, "buildings": 6, "floor_area_m2": 6383.0, "registry_point_distance_m": 418.0, "lat": 38.703368, "lon": -75.83129, "maps_url": "https://www.google.com/maps/@38.703368,-75.83129,600m/data=!3m1!1e3" }, "geometry": { "type": "Point", "coordinates": [ -75.83129036415221, 38.703367824385573 ] } },
{ "type": "Feature", "properties": { "site_id": "data/raw/naip_tiles_pc_4band_v2/site_0141.tif", "farm_name": "Mary Lou Brown/Maple Breeze & Beulah Winds", "county": "Dorchester", "species_group": "broiler", "animal_type": "chickens_not_laying_hens", "headcount": 136000, "buildings": 6, "floor_area_m2": 14474.0, "registry_point_distance_m": 59.0, "lat": 38.670269, "lon": -75.89615, "maps_url": "https://www.google.com/maps/@38.670269,-75.89615,600m/data=!3m1!1e3" }, "geometry": { "type": "Point", "coordinates": [ -75.896150079126642, 38.67026949466927 ] } },
{ "type": "Feature", "properties": { "site_id": "data/raw/naip_tiles_pc_4band_v2/site_0375.tif", "farm_name": "Martin Vitelli/Knew Farm", "county": "Somerset", "species_group": "broiler", "animal_type": "chickens_not_laying_hens", "headcount": 180000, "buildings": 6, "floor_area_m2": 15320.0, "registry_point_distance_m": 244.0, "lat": 38.176216, "lon": -75.600962, "maps_url": "https://www.google.com/maps/@38.176216,-75.600962,600m/data=!3m1!1e3" }, "geometry": { "type": "Point", "coordinates": [ -75.600962436466446, 38.176215667954004 ] } },
{ "type": "Feature", "properties": { "site_id": "data/raw/naip_tiles_pc_4band_v2/site_0408.tif", "farm_name": "Duy Pham", "county": "Somerset", "species_group": "broiler", "animal_type": "chickens_not_laying_hens", "headcount": 207000, "buildings": 6, "floor_area_m2": 15086.0, "registry_point_distance_m": 144.0, "lat": 38.215275, "lon": -75.647896, "maps_url": "https://www.google.com/maps/@38.215275,-75.647896,600m/data=!3m1!1e3" }, "geometry": { "type": "Point", "coordinates": [ -75.647895749120323, 38.215274942216027 ] } },
{ "type": "Feature", "properties": { "site_id": "data/raw/naip_tiles_pc_4band_v2/site_0318.tif", "farm_name": "INJA LLC/Iftikhar Farooqui", "county": "Wicomico", "species_group": "broiler", "animal_type": "chickens_not_laying_hens", "headcount": 280000, "buildings": 6, "floor_area_m2": 19073.0, "registry_point_distance_m": 208.0, "lat": 38.313811, "lon": -75.394889, "maps_url": "https://www.google.com/maps/@38.313811,-75.394889,600m/data=!3m1!1e3" }, "geometry": { "type": "Point", "coordinates": [ -75.394888712083528, 38.313811481638815 ] } },
{ "type": "Feature", "properties": { "site_id": "data/raw/naip_tiles_pc_4band_v2/site_0188.tif", "farm_name": "Hieu Vu", "county": "Wicomico", "species_group": "broiler", "animal_type": "chickens_not_laying_hens", "headcount": 123700, "buildings": 6, "floor_area_m2": 12632.0, "registry_point_distance_m": 208.0, "lat": 38.323435, "lon": -75.391545, "maps_url": "https://www.google.com/maps/@38.323435,-75.391545,600m/data=!3m1!1e3" }, "geometry": { "type": "Point", "coordinates": [ -75.391545142977961, 38.323435272944856 ] } },
{ "type": "Feature", "properties": { "site_id": "data/raw/naip_tiles_pc_4band_v2/site_0325.tif", "farm_name": "Randal C. Hambrick", "county": "Caroline", "species_group": "broiler", "animal_type": "chickens_not_laying_hens", "headcount": 216000, "buildings": 6, "floor_area_m2": 19577.0, "registry_point_distance_m": 239.0, "lat": 39.036987, "lon": -75.795083, "maps_url": "https://www.google.com/maps/@39.036987,-75.795083,600m/data=!3m1!1e3" }, "geometry": { "type": "Point", "coordinates": [ -75.795083184249123, 39.036986656872642 ] } },
{ "type": "Feature", "properties": { "site_id": "data/raw/naip_tiles_pc_4band_v2/site_0024.tif", "farm_name": "Walter Denny/Denny Farm LLC", "county": "Queen Anne's", "species_group": "broiler", "animal_type": "chickens_not_laying_hens", "headcount": 79000, "buildings": 6, "floor_area_m2": 7616.0, "registry_point_distance_m": 118.0, "lat": 38.97306, "lon": -75.969518, "maps_url": "https://www.google.com/maps/@38.97306,-75.969518,600m/data=!3m1!1e3" }, "geometry": { "type": "Point", "coordinates": [ -75.969518365586609, 38.9730603669923 ] } },
{ "type": "Feature", "properties": { "site_id": "data/raw/naip_tiles_pc_4band_v2/site_0022.tif", "farm_name": "Dan Heller/Stillwater Ventures, LLC", "county": "Queen Anne's", "species_group": "broiler", "animal_type": "chickens_not_laying_hens", "headcount": 140000, "buildings": 6, "floor_area_m2": 9446.0, "registry_point_distance_m": 596.0, "lat": 39.091719, "lon": -75.960913, "maps_url": "https://www.google.com/maps/@39.091719,-75.960913,600m/data=!3m1!1e3" }, "geometry": { "type": "Point", "coordinates": [ -75.960913277782566, 39.091718594282689 ] } },
{ "type": "Feature", "properties": { "site_id": "data/raw/naip_tiles_pc_4band_v2/site_0328.tif", "farm_name": "Freddy Massey/Hidden Hill Farm", "county": "Wicomico", "species_group": "broiler", "animal_type": "chickens_not_laying_hens", "headcount": 116800, "buildings": 6, "floor_area_m2": 12755.0, "registry_point_distance_m": 352.0, "lat": 38.375583, "lon": -75.336519, "maps_url": "https://www.google.com/maps/@38.375583,-75.336519,600m/data=!3m1!1e3" }, "geometry": { "type": "Point", "coordinates": [ -75.336519482944183, 38.37558263454352 ] } },
{ "type": "Feature", "properties": { "site_id": "data/raw/naip_tiles_pc_4band_v2/site_0185.tif", "farm_name": "William Cottman/Cottman Farm", "county": "Somerset", "species_group": "broiler", "animal_type": "chickens_not_laying_hens", "headcount": 86000, "buildings": 6, "floor_area_m2": 9651.0, "registry_point_distance_m": 499.0, "lat": 38.151825, "lon": -75.603385, "maps_url": "https://www.google.com/maps/@38.151825,-75.603385,600m/data=!3m1!1e3" }, "geometry": { "type": "Point", "coordinates": [ -75.603385314255689, 38.151825453420173 ] } },
{ "type": "Feature", "properties": { "site_id": "data/raw/naip_tiles_pc_4band_v2/site_0017.tif", "farm_name": "Andrew L. McLean/Relief Farm", "county": "Queen Anne's", "species_group": "broiler", "animal_type": "chickens_not_laying_hens", "headcount": 180000, "buildings": 6, "floor_area_m2": 15908.0, "registry_point_distance_m": 228.0, "lat": 39.036801, "lon": -75.927238, "maps_url": "https://www.google.com/maps/@39.036801,-75.927238,600m/data=!3m1!1e3" }, "geometry": { "type": "Point", "coordinates": [ -75.927238047537159, 39.036800785406321 ] } },
{ "type": "Feature", "properties": { "site_id": "data/raw/naip_tiles_pc_4band_v2/site_0170.tif", "farm_name": "Van Bawi Thawng/Mt. Moriah Farm", "county": "Worcester", "species_group": "broiler", "animal_type": "chickens_not_laying_hens", "headcount": 112000, "buildings": 6, "floor_area_m2": 16315.0, "registry_point_distance_m": 258.0, "lat": 38.015336, "lon": -75.53429, "maps_url": "https://www.google.com/maps/@38.015336,-75.53429,600m/data=!3m1!1e3" }, "geometry": { "type": "Point", "coordinates": [ -75.534289881228375, 38.015335995804598 ] } },
{ "type": "Feature", "properties": { "site_id": "data/raw/naip_tiles_pc_4band_v2/site_0014.tif", "farm_name": "Kenny L. Eck", "county": "Queen Anne's", "species_group": "broiler", "animal_type": "chickens_not_laying_hens", "headcount": 187200, "buildings": 6, "floor_area_m2": 17380.0, "registry_point_distance_m": 61.0, "lat": 39.133263, "lon": -75.868535, "maps_url": "https://www.google.com/maps/@39.133263,-75.868535,600m/data=!3m1!1e3" }, "geometry": { "type": "Point", "coordinates": [ -75.868535188832283, 39.133262689317725 ] } },
{ "type": "Feature", "properties": { "site_id": "data/raw/naip_tiles_pc_4band_v2/site_0194.tif", "farm_name": "Justin Tomlinson/Maddie and Will Farm", "county": "Wicomico", "species_group": "broiler", "animal_type": "chickens_not_laying_hens", "headcount": 42000, "buildings": 6, "floor_area_m2": 9434.0, "registry_point_distance_m": 711.0, "lat": 38.360734, "lon": -75.493302, "maps_url": "https://www.google.com/maps/@38.360734,-75.493302,600m/data=!3m1!1e3" }, "geometry": { "type": "Point", "coordinates": [ -75.493301613289404, 38.360733929112037 ] } },
{ "type": "Feature", "properties": { "site_id": "data/raw/naip_tiles_pc_4band_v2/site_0300.tif", "farm_name": "Boi & Nawl Farm, LLC", "county": "Worcester", "species_group": "broiler", "animal_type": "chickens_not_laying_hens", "headcount": 208600, "buildings": 6, "floor_area_m2": 17289.0, "registry_point_distance_m": 392.0, "lat": 38.432245, "lon": -75.248992, "maps_url": "https://www.google.com/maps/@38.432245,-75.248992,600m/data=!3m1!1e3" }, "geometry": { "type": "Point", "coordinates": [ -75.248991843993664, 38.432245377862188 ] } },
{ "type": "Feature", "properties": { "site_id": "data/raw/naip_tiles_pc_4band_v2/site_0299.tif", "farm_name": "William James Robinette/Way More Farm (New Construction)", "county": "Caroline", "species_group": "broiler", "animal_type": "chickens_not_laying_hens", "headcount": 263400, "buildings": 6, "floor_area_m2": 22327.0, "registry_point_distance_m": 161.0, "lat": 38.796625, "lon": -75.755082, "maps_url": "https://www.google.com/maps/@38.796625,-75.755082,600m/data=!3m1!1e3" }, "geometry": { "type": "Point", "coordinates": [ -75.755081780025236, 38.796625456122271 ] } },
{ "type": "Feature", "properties": { "site_id": "data/raw/naip_tiles_pc_4band_v2/site_0231.tif", "farm_name": "Samuel W. Hall/East Ridge Farm", "county": "Somerset", "species_group": "broiler", "animal_type": "chickens_not_laying_hens", "headcount": 56300, "buildings": 6, "floor_area_m2": 6981.0, "registry_point_distance_m": 203.0, "lat": 38.214404, "lon": -75.716944, "maps_url": "https://www.google.com/maps/@38.214404,-75.716944,600m/data=!3m1!1e3" }, "geometry": { "type": "Point", "coordinates": [ -75.716943946482971, 38.214403757833544 ] } },
{ "type": "Feature", "properties": { "site_id": "data/raw/naip_tiles_pc_4band_v2/site_0261.tif", "farm_name": "William R.Thomas, Jr. / Bilden Farm", "county": "Caroline", "species_group": "broiler", "animal_type": "chickens_not_laying_hens", "headcount": 79000, "buildings": 6, "floor_area_m2": 11686.0, "registry_point_distance_m": 162.0, "lat": 38.781614, "lon": -75.902015, "maps_url": "https://www.google.com/maps/@38.781614,-75.902015,600m/data=!3m1!1e3" }, "geometry": { "type": "Point", "coordinates": [ -75.902014764591172, 38.781614187926763 ] } },
{ "type": "Feature", "properties": { "site_id": "data/raw/naip_tiles_pc_4band_v2/site_0260.tif", "farm_name": "Tina L. Johnson/Little Chicks, LLC", "county": "Queen Anne's", "species_group": "broiler", "animal_type": "chickens_not_laying_hens", "headcount": 216000, "buildings": 6, "floor_area_m2": 13840.0, "registry_point_distance_m": 574.0, "lat": 38.972114, "lon": -76.038176, "maps_url": "https://www.google.com/maps/@38.972114,-76.038176,600m/data=!3m1!1e3" }, "geometry": { "type": "Point", "coordinates": [ -76.038175823164948, 38.972114462143267 ] } },
{ "type": "Feature", "properties": { "site_id": "data/raw/naip_tiles_pc_4band_v2/site_0086.tif", "farm_name": "Robert A. Jester, Jr./Jester Farm", "county": "Caroline", "species_group": "broiler", "animal_type": "chickens_not_laying_hens", "headcount": 94000, "buildings": 6, "floor_area_m2": 8978.0, "registry_point_distance_m": 284.0, "lat": 38.770879, "lon": -75.757231, "maps_url": "https://www.google.com/maps/@38.770879,-75.757231,600m/data=!3m1!1e3" }, "geometry": { "type": "Point", "coordinates": [ -75.757230576243515, 38.77087915879418 ] } },
{ "type": "Feature", "properties": { "site_id": "data/raw/naip_tiles_pc_4band_v2/site_0173.tif", "farm_name": "Gregory P. Wilkins/Runaway Farm (Expansion)", "county": "Worcester", "species_group": "broiler", "animal_type": "chickens_not_laying_hens", "headcount": 228000, "buildings": 6, "floor_area_m2": 15425.0, "registry_point_distance_m": 210.0, "lat": 38.307623, "lon": -75.320939, "maps_url": "https://www.google.com/maps/@38.307623,-75.320939,600m/data=!3m1!1e3" }, "geometry": { "type": "Point", "coordinates": [ -75.32093901237829, 38.307623021307663 ] } },
{ "type": "Feature", "properties": { "site_id": "data/raw/naip_tiles_pc_4band_v2/site_0364.tif", "farm_name": "Hasnain Hamid/Hasnain Farm LLC", "county": "Wicomico", "species_group": "broiler", "animal_type": "chickens_not_laying_hens", "headcount": 198000, "buildings": 6, "floor_area_m2": 17632.0, "registry_point_distance_m": 358.0, "lat": 38.436708, "lon": -75.43053, "maps_url": "https://www.google.com/maps/@38.436708,-75.43053,600m/data=!3m1!1e3" }, "geometry": { "type": "Point", "coordinates": [ -75.430530435395298, 38.436708003274326 ] } },
{ "type": "Feature", "properties": { "site_id": "data/raw/naip_tiles_pc_4band_v2/site_0090.tif", "farm_name": "Zeke E. Collins/Z&L Farms", "county": "Wicomico", "species_group": "broiler", "animal_type": "chickens_not_laying_hens", "headcount": 142000, "buildings": 6, "floor_area_m2": 9147.0, "registry_point_distance_m": 200.0, "lat": 38.435794, "lon": -75.646358, "maps_url": "https://www.google.com/maps/@38.435794,-75.646358,600m/data=!3m1!1e3" }, "geometry": { "type": "Point", "coordinates": [ -75.646357548599127, 38.435794090340259 ] } },
{ "type": "Feature", "properties": { "site_id": "data/raw/naip_tiles_pc_4band_v2/site_0092.tif", "farm_name": "M. David Wood, Jr./Wood Enterprise and Wood Encounter", "county": "Caroline", "species_group": "broiler", "animal_type": "chickens_not_laying_hens", "headcount": 245600, "buildings": 6, "floor_area_m2": 14653.0, "registry_point_distance_m": 126.0, "lat": 38.85653, "lon": -75.883774, "maps_url": "https://www.google.com/maps/@38.85653,-75.883774,600m/data=!3m1!1e3" }, "geometry": { "type": "Point", "coordinates": [ -75.883773842586734, 38.856530297530341 ] } },
{ "type": "Feature", "properties": { "site_id": "data/raw/naip_tiles_pc_4band_v2/site_0242.tif", "farm_name": "Lawrence Lembeck II", "county": "Wicomico", "species_group": "broiler", "animal_type": "chickens_not_laying_hens", "headcount": 154400, "buildings": 6, "floor_area_m2": 13987.0, "registry_point_distance_m": 239.0, "lat": 38.447579, "lon": -75.519134, "maps_url": "https://www.google.com/maps/@38.447579,-75.519134,600m/data=!3m1!1e3" }, "geometry": { "type": "Point", "coordinates": [ -75.519133637660758, 38.447579122009486 ] } },
{ "type": "Feature", "properties": { "site_id": "data/raw/naip_tiles_pc_4band_v2/site_0401.tif", "farm_name": "Zachary C. Blough", "county": "Caroline", "species_group": "broiler", "animal_type": "chickens_not_laying_hens", "headcount": 140000, "buildings": 6, "floor_area_m2": 8118.0, "registry_point_distance_m": 203.0, "lat": 38.782051, "lon": -75.767435, "maps_url": "https://www.google.com/maps/@38.782051,-75.767435,600m/data=!3m1!1e3" }, "geometry": { "type": "Point", "coordinates": [ -75.767434917119701, 38.782051046994347 ] } },
{ "type": "Feature", "properties": { "site_id": "data/raw/naip_tiles_pc_4band_v2/site_0279.tif", "farm_name": "Jeffrey Pettitt/Krastel Farm", "county": "Kent", "species_group": "broiler", "animal_type": "chickens_not_laying_hens", "headcount": 216000, "buildings": 6, "floor_area_m2": 18374.0, "registry_point_distance_m": 306.0, "lat": 39.297497, "lon": -76.051348, "maps_url": "https://www.google.com/maps/@39.297497,-76.051348,600m/data=!3m1!1e3" }, "geometry": { "type": "Point", "coordinates": [ -76.051347560407251, 39.297496955472958 ] } },
{ "type": "Feature", "properties": { "site_id": "data/raw/naip_tiles_pc_4band_v2/site_0097.tif", "farm_name": "Chesapeake Chickens, LLC/Andrew Harrington", "county": "Dorchester", "species_group": "broiler", "animal_type": "chickens_not_laying_hens", "headcount": 183000, "buildings": 6, "floor_area_m2": 18049.0, "registry_point_distance_m": 104.0, "lat": 38.508338, "lon": -76.081569, "maps_url": "https://www.google.com/maps/@38.508338,-76.081569,600m/data=!3m1!1e3" }, "geometry": { "type": "Point", "coordinates": [ -76.081569487671985, 38.508337911155373 ] } },
{ "type": "Feature", "properties": { "site_id": "data/raw/naip_tiles_pc_4band_v2/site_0120.tif", "farm_name": "Dustin Calloway/Clay Island Farm", "county": "Wicomico", "species_group": "unknown", "animal_type": "unknown", "headcount": 0, "buildings": 6, "floor_area_m2": 10006.0, "registry_point_distance_m": 104.0, "lat": 38.432332, "lon": -75.791212, "maps_url": "https://www.google.com/maps/@38.432332,-75.791212,600m/data=!3m1!1e3" }, "geometry": { "type": "Point", "coordinates": [ -75.791211816976286, 38.432331901080936 ] } },
{ "type": "Feature", "properties": { "site_id": "data/raw/naip_tiles_pc_4band_v2/site_0280.tif", "farm_name": "Phat H. Nguyen", "county": "Worcester", "species_group": "broiler", "animal_type": "chickens_not_laying_hens", "headcount": 186000, "buildings": 6, "floor_area_m2": 18728.0, "registry_point_distance_m": 118.0, "lat": 38.019662, "lon": -75.524882, "maps_url": "https://www.google.com/maps/@38.019662,-75.524882,600m/data=!3m1!1e3" }, "geometry": { "type": "Point", "coordinates": [ -75.524882192512152, 38.019661595911238 ] } },
{ "type": "Feature", "properties": { "site_id": "data/raw/naip_tiles_pc_4band_v2/site_0281.tif", "farm_name": "Liem Nguyen", "county": "Wicomico", "species_group": "broiler", "animal_type": "chickens_not_laying_hens", "headcount": 183000, "buildings": 6, "floor_area_m2": 17081.0, "registry_point_distance_m": 226.0, "lat": 38.219389, "lon": -75.659196, "maps_url": "https://www.google.com/maps/@38.219389,-75.659196,600m/data=!3m1!1e3" }, "geometry": { "type": "Point", "coordinates": [ -75.659196402768089, 38.219389188136589 ] } },
{ "type": "Feature", "properties": { "site_id": "data/raw/naip_tiles_pc_4band_v2/site_0348.tif", "farm_name": "Rich Levels Poultry, Inc.", "county": "Kent", "species_group": "broiler", "animal_type": "chickens_not_laying_hens", "headcount": 191667, "buildings": 6, "floor_area_m2": 12187.0, "registry_point_distance_m": 302.0, "lat": 39.372936, "lon": -75.772495, "maps_url": "https://www.google.com/maps/@39.372936,-75.772495,600m/data=!3m1!1e3" }, "geometry": { "type": "Point", "coordinates": [ -75.772494674616823, 39.37293614006925 ] } },
{ "type": "Feature", "properties": { "site_id": "data/raw/naip_tiles_pc_4band_v2/site_0374.tif", "farm_name": "Mohammed Chaudhry/Faisal Farm, LLC", "county": "Caroline", "species_group": "broiler", "animal_type": "chickens_not_laying_hens", "headcount": 75000, "buildings": 6, "floor_area_m2": 7522.0, "registry_point_distance_m": 290.0, "lat": 38.77294, "lon": -75.782137, "maps_url": "https://www.google.com/maps/@38.77294,-75.782137,600m/data=!3m1!1e3" }, "geometry": { "type": "Point", "coordinates": [ -75.782136672992607, 38.772939501326142 ] } },
{ "type": "Feature", "properties": { "site_id": "data/raw/naip_tiles_pc_4band_v2/site_0404.tif", "farm_name": "Fraizer Rhode, LLC", "county": "Caroline", "species_group": "broiler", "animal_type": "chickens_not_laying_hens", "headcount": 228960, "buildings": 6, "floor_area_m2": 15762.0, "registry_point_distance_m": 194.0, "lat": 38.746718, "lon": -75.980494, "maps_url": "https://www.google.com/maps/@38.746718,-75.980494,600m/data=!3m1!1e3" }, "geometry": { "type": "Point", "coordinates": [ -75.980494124204895, 38.74671790983453 ] } },
{ "type": "Feature", "properties": { "site_id": "data/raw/naip_tiles_pc_4band_v2/site_0360.tif", "farm_name": "Michael A. Lesniowski/H.D. Myles Farms", "county": "Queen Anne's", "species_group": "broiler", "animal_type": "chickens_not_laying_hens", "headcount": 252000, "buildings": 6, "floor_area_m2": 17181.0, "registry_point_distance_m": 278.0, "lat": 39.103427, "lon": -75.897222, "maps_url": "https://www.google.com/maps/@39.103427,-75.897222,600m/data=!3m1!1e3" }, "geometry": { "type": "Point", "coordinates": [ -75.897222062231975, 39.103426967654443 ] } },
{ "type": "Feature", "properties": { "site_id": "data/raw/naip_tiles_pc_4band_v2/site_0298.tif", "farm_name": "Jacob Thomas", "county": "Caroline", "species_group": "broiler", "animal_type": "chickens_not_laying_hens", "headcount": 257400, "buildings": 6, "floor_area_m2": 20266.0, "registry_point_distance_m": 192.0, "lat": 38.975382, "lon": -75.884406, "maps_url": "https://www.google.com/maps/@38.975382,-75.884406,600m/data=!3m1!1e3" }, "geometry": { "type": "Point", "coordinates": [ -75.884406404132605, 38.975382190082968 ] } },
{ "type": "Feature", "properties": { "site_id": "data/raw/naip_tiles_pc_4band_v2/site_0109.tif", "farm_name": "Ryan Marshall/Beech Creek Farm", "county": "Wicomico", "species_group": "broiler", "animal_type": "chickens_not_laying_hens", "headcount": 176000, "buildings": 6, "floor_area_m2": 18548.0, "registry_point_distance_m": 463.0, "lat": 38.316178, "lon": -75.42433, "maps_url": "https://www.google.com/maps/@38.316178,-75.42433,600m/data=!3m1!1e3" }, "geometry": { "type": "Point", "coordinates": [ -75.424329935941117, 38.316177919555628 ] } },
{ "type": "Feature", "properties": { "site_id": "data/raw/naip_tiles_pc_4band_v2/site_0403.tif", "farm_name": "Keith/ Aydelotte/Silver Bullet Farm, LLC", "county": "Worcester", "species_group": "broiler", "animal_type": "chickens_not_laying_hens", "headcount": 120000, "buildings": 6, "floor_area_m2": 14676.0, "registry_point_distance_m": 474.0, "lat": 38.043388, "lon": -75.497653, "maps_url": "https://www.google.com/maps/@38.043388,-75.497653,600m/data=!3m1!1e3" }, "geometry": { "type": "Point", "coordinates": [ -75.497652585723031, 38.043387544507759 ] } },
{ "type": "Feature", "properties": { "site_id": "data/raw/naip_tiles_pc_4band_v2/site_0106.tif", "farm_name": "Tuan Do/Tuan Farm", "county": "Somerset", "species_group": "broiler", "animal_type": "chickens_not_laying_hens", "headcount": 249000, "buildings": 6, "floor_area_m2": 16326.0, "registry_point_distance_m": 104.0, "lat": 38.218513, "lon": -75.643941, "maps_url": "https://www.google.com/maps/@38.218513,-75.643941,600m/data=!3m1!1e3" }, "geometry": { "type": "Point", "coordinates": [ -75.643940829484535, 38.218512694773978 ] } },
{ "type": "Feature", "properties": { "site_id": "data/raw/naip_tiles_pc_4band_v2/site_0284.tif", "farm_name": "Beyla Farm, LLC", "county": "Caroline", "species_group": "broiler", "animal_type": "chickens_not_laying_hens", "headcount": 240000, "buildings": 6, "floor_area_m2": 21043.0, "registry_point_distance_m": 304.0, "lat": 38.835953, "lon": -75.820277, "maps_url": "https://www.google.com/maps/@38.835953,-75.820277,600m/data=!3m1!1e3" }, "geometry": { "type": "Point", "coordinates": [ -75.820276799516932, 38.835952984881459 ] } },
{ "type": "Feature", "properties": { "site_id": "data/raw/naip_tiles_pc_4band_v2/site_0223.tif", "farm_name": "Jabar Rahim", "county": "Dorchester", "species_group": "broiler", "animal_type": "chickens_not_laying_hens", "headcount": 297000, "buildings": 6, "floor_area_m2": 14185.0, "registry_point_distance_m": 1024.0, "lat": 38.497509, "lon": -75.983499, "maps_url": "https://www.google.com/maps/@38.497509,-75.983499,600m/data=!3m1!1e3" }, "geometry": { "type": "Point", "coordinates": [ -75.98349852702475, 38.497509250878579 ] } },
{ "type": "Feature", "properties": { "site_id": "data/raw/naip_tiles_pc_4band_v2/site_0342.tif", "farm_name": "Jeff Green/Jeremiah Farm", "county": "Somerset", "species_group": "broiler", "animal_type": "chickens_not_laying_hens", "headcount": 48000, "buildings": 5, "floor_area_m2": 6683.0, "registry_point_distance_m": 315.0, "lat": 38.031198, "lon": -75.73256, "maps_url": "https://www.google.com/maps/@38.031198,-75.73256,600m/data=!3m1!1e3" }, "geometry": { "type": "Point", "coordinates": [ -75.732559537424251, 38.03119803286274 ] } },
{ "type": "Feature", "properties": { "site_id": "data/raw/naip_tiles_pc_4band_v2/site_0177.tif", "farm_name": "Todd Hite/Hite Farms, LLC", "county": "Worcester", "species_group": "broiler", "animal_type": "chickens_not_laying_hens", "headcount": 85400, "buildings": 5, "floor_area_m2": 7571.0, "registry_point_distance_m": 194.0, "lat": 38.050522, "lon": -75.503425, "maps_url": "https://www.google.com/maps/@38.050522,-75.503425,600m/data=!3m1!1e3" }, "geometry": { "type": "Point", "coordinates": [ -75.503424752109808, 38.050521994185729 ] } },
{ "type": "Feature", "properties": { "site_id": "data/raw/naip_tiles_pc_4band_v2/site_0180.tif", "farm_name": "Patricia Collins/Brisk Wind Farms", "county": "Caroline", "species_group": "broiler", "animal_type": "chickens_not_laying_hens", "headcount": 48000, "buildings": 5, "floor_area_m2": 7187.0, "registry_point_distance_m": 160.0, "lat": 38.779593, "lon": -75.812072, "maps_url": "https://www.google.com/maps/@38.779593,-75.812072,600m/data=!3m1!1e3" }, "geometry": { "type": "Point", "coordinates": [ -75.812072414871281, 38.779593287593421 ] } },
{ "type": "Feature", "properties": { "site_id": "data/raw/naip_tiles_pc_4band_v2/site_0176.tif", "farm_name": "Gilbert Thompson Jr.", "county": "Worcester", "species_group": "broiler", "animal_type": "chickens_not_laying_hens", "headcount": 175200, "buildings": 5, "floor_area_m2": 7437.0, "registry_point_distance_m": 163.0, "lat": 38.330151, "lon": -75.183118, "maps_url": "https://www.google.com/maps/@38.330151,-75.183118,600m/data=!3m1!1e3" }, "geometry": { "type": "Point", "coordinates": [ -75.183117711443387, 38.330151480860742 ] } },
{ "type": "Feature", "properties": { "site_id": "data/raw/naip_tiles_pc_4band_v2/site_0259.tif", "farm_name": "Robert Edwin Love/Bobby Love Farm", "county": "Caroline", "species_group": "broiler", "animal_type": "chickens_not_laying_hens", "headcount": 49000, "buildings": 5, "floor_area_m2": 9355.0, "registry_point_distance_m": 636.0, "lat": 38.801031, "lon": -75.765437, "maps_url": "https://www.google.com/maps/@38.801031,-75.765437,600m/data=!3m1!1e3" }, "geometry": { "type": "Point", "coordinates": [ -75.765436760060751, 38.801031209691274 ] } },
{ "type": "Feature", "properties": { "site_id": "data/raw/naip_tiles_pc_4band_v2/site_0218.tif", "farm_name": "Jin S. Heo/Matthew Farm", "county": "Wicomico", "species_group": "broiler", "animal_type": "chickens_not_laying_hens", "headcount": 108800, "buildings": 5, "floor_area_m2": 6646.0, "registry_point_distance_m": 99.0, "lat": 38.351592, "lon": -75.466305, "maps_url": "https://www.google.com/maps/@38.351592,-75.466305,600m/data=!3m1!1e3" }, "geometry": { "type": "Point", "coordinates": [ -75.466305276248974, 38.351591607873743 ] } },
{ "type": "Feature", "properties": { "site_id": "data/raw/naip_tiles_pc_4band_v2/site_0211.tif", "farm_name": "Sunny Apartments, LLC (Mohammed Ahmad)", "county": "Dorchester", "species_group": "broiler", "animal_type": "chickens_not_laying_hens", "headcount": 80000, "buildings": 5, "floor_area_m2": 10858.0, "registry_point_distance_m": 167.0, "lat": 38.568853, "lon": -75.787667, "maps_url": "https://www.google.com/maps/@38.568853,-75.787667,600m/data=!3m1!1e3" }, "geometry": { "type": "Point", "coordinates": [ -75.787666879305689, 38.568853146800237 ] } },
{ "type": "Feature", "properties": { "site_id": "data/raw/naip_tiles_pc_4band_v2/site_0286.tif", "farm_name": "Model Farm LLC/Choudhry Asif", "county": "Wicomico", "species_group": "broiler", "animal_type": "chickens_not_laying_hens", "headcount": 190000, "buildings": 5, "floor_area_m2": 15512.0, "registry_point_distance_m": 217.0, "lat": 38.316205, "lon": -75.542853, "maps_url": "https://www.google.com/maps/@38.316205,-75.542853,600m/data=!3m1!1e3" }, "geometry": { "type": "Point", "coordinates": [ -75.542852553970334, 38.316205340543192 ] } },
{ "type": "Feature", "properties": { "site_id": "data/raw/naip_tiles_pc_4band_v2/site_0282.tif", "farm_name": "One More Haul Farm", "county": "Caroline", "species_group": "broiler", "animal_type": "chickens_not_laying_hens", "headcount": 156000, "buildings": 5, "floor_area_m2": 9049.0, "registry_point_distance_m": 225.0, "lat": 38.879496, "lon": -75.770958, "maps_url": "https://www.google.com/maps/@38.879496,-75.770958,600m/data=!3m1!1e3" }, "geometry": { "type": "Point", "coordinates": [ -75.77095800214218, 38.879496149477916 ] } },
{ "type": "Feature", "properties": { "site_id": "data/raw/naip_tiles_pc_4band_v2/site_0329.tif", "farm_name": "Randy Bui/Me and My Chickens", "county": "Worcester", "species_group": "broiler", "animal_type": "chickens_not_laying_hens", "headcount": 206000, "buildings": 5, "floor_area_m2": 7470.0, "registry_point_distance_m": 271.0, "lat": 38.313655, "lon": -75.295681, "maps_url": "https://www.google.com/maps/@38.313655,-75.295681,600m/data=!3m1!1e3" }, "geometry": { "type": "Point", "coordinates": [ -75.295680928115942, 38.313654658705268 ] } },
{ "type": "Feature", "properties": { "site_id": "data/raw/naip_tiles_pc_4band_v2/site_0252.tif", "farm_name": "William T. Calloway III/Tommy and Dee's Farm", "county": "Wicomico", "species_group": "broiler", "animal_type": "chickens_not_laying_hens", "headcount": 71000, "buildings": 5, "floor_area_m2": 10632.0, "registry_point_distance_m": 149.0, "lat": 38.419192, "lon": -75.780968, "maps_url": "https://www.google.com/maps/@38.419192,-75.780968,600m/data=!3m1!1e3" }, "geometry": { "type": "Point", "coordinates": [ -75.780967678742556, 38.419192487414762 ] } },
{ "type": "Feature", "properties": { "site_id": "data/raw/naip_tiles_pc_4band_v2/site_0230.tif", "farm_name": "Scot Beauchamp/Home and Dad's Farms", "county": "Somerset", "species_group": "broiler", "animal_type": "chickens_not_laying_hens", "headcount": 128100, "buildings": 5, "floor_area_m2": 7738.0, "registry_point_distance_m": 970.0, "lat": 38.118299, "lon": -75.611103, "maps_url": "https://www.google.com/maps/@38.118299,-75.611103,600m/data=!3m1!1e3" }, "geometry": { "type": "Point", "coordinates": [ -75.611102870721282, 38.118299172125631 ] } },
{ "type": "Feature", "properties": { "site_id": "data/raw/naip_tiles_pc_4band_v2/site_0355.tif", "farm_name": "Bruce J. Twilley/Twilley Farm", "county": "Dorchester", "species_group": "broiler", "animal_type": "chickens_not_laying_hens", "headcount": 58000, "buildings": 5, "floor_area_m2": 7997.0, "registry_point_distance_m": 1036.0, "lat": 38.61772, "lon": -75.948444, "maps_url": "https://www.google.com/maps/@38.61772,-75.948444,600m/data=!3m1!1e3" }, "geometry": { "type": "Point", "coordinates": [ -75.948444315951875, 38.617720461637454 ] } },
{ "type": "Feature", "properties": { "site_id": "data/raw/naip_tiles_pc_4band_v2/site_0319.tif", "farm_name": "Wasey's Poultry Palace, LLC", "county": "Wicomico", "species_group": "broiler", "animal_type": "chickens_not_laying_hens", "headcount": 105000, "buildings": 5, "floor_area_m2": 9169.0, "registry_point_distance_m": 261.0, "lat": 38.326873, "lon": -75.390729, "maps_url": "https://www.google.com/maps/@38.326873,-75.390729,600m/data=!3m1!1e3" }, "geometry": { "type": "Point", "coordinates": [ -75.390729101115753, 38.326872629693248 ] } },
{ "type": "Feature", "properties": { "site_id": "data/raw/naip_tiles_pc_4band_v2/site_0189.tif", "farm_name": "Dean Murray/Murray Farms, Inc./Dividing Road & Kelrin Farms", "county": "Wicomico", "species_group": "broiler", "animal_type": "chickens_not_laying_hens", "headcount": 44400, "buildings": 5, "floor_area_m2": 7754.0, "registry_point_distance_m": 148.0, "lat": 38.32485, "lon": -75.665742, "maps_url": "https://www.google.com/maps/@38.32485,-75.665742,600m/data=!3m1!1e3" }, "geometry": { "type": "Point", "coordinates": [ -75.66574224939248, 38.324849980733212 ] } },
{ "type": "Feature", "properties": { "site_id": "data/raw/naip_tiles_pc_4band_v2/site_0192.tif", "farm_name": "Charles E. Ball, Jr./Ball Farm", "county": "Caroline", "species_group": "broiler", "animal_type": "chickens_not_laying_hens", "headcount": 54600, "buildings": 5, "floor_area_m2": 11532.0, "registry_point_distance_m": 226.0, "lat": 38.716462, "lon": -75.950402, "maps_url": "https://www.google.com/maps/@38.716462,-75.950402,600m/data=!3m1!1e3" }, "geometry": { "type": "Point", "coordinates": [ -75.95040191164189, 38.716461667838296 ] } },
{ "type": "Feature", "properties": { "site_id": "data/raw/naip_tiles_pc_4band_v2/site_0200.tif", "farm_name": "Robert Family LLC/Robert Thawng", "county": "Wicomico", "species_group": "broiler", "animal_type": "chickens_not_laying_hens", "headcount": 173000, "buildings": 5, "floor_area_m2": 12646.0, "registry_point_distance_m": 166.0, "lat": 38.38075, "lon": -75.359509, "maps_url": "https://www.google.com/maps/@38.38075,-75.359509,600m/data=!3m1!1e3" }, "geometry": { "type": "Point", "coordinates": [ -75.359508659072006, 38.380749626804295 ] } },
{ "type": "Feature", "properties": { "site_id": "data/raw/naip_tiles_pc_4band_v2/site_0311.tif", "farm_name": "Muhammad Wahla", "county": "Wicomico", "species_group": "broiler", "animal_type": "chickens_not_laying_hens", "headcount": 162500, "buildings": 5, "floor_area_m2": 15206.0, "registry_point_distance_m": 303.0, "lat": 38.445534, "lon": -75.381105, "maps_url": "https://www.google.com/maps/@38.445534,-75.381105,600m/data=!3m1!1e3" }, "geometry": { "type": "Point", "coordinates": [ -75.381104983115392, 38.445533776788913 ] } },
{ "type": "Feature", "properties": { "site_id": "data/raw/naip_tiles_pc_4band_v2/site_0229.tif", "farm_name": "Zachary Loller/William Loller Farm, LLC", "county": "Kent", "species_group": "broiler", "animal_type": "chickens_not_laying_hens", "headcount": 270000, "buildings": 5, "floor_area_m2": 8836.0, "registry_point_distance_m": 304.0, "lat": 39.225871, "lon": -76.145856, "maps_url": "https://www.google.com/maps/@39.225871,-76.145856,600m/data=!3m1!1e3" }, "geometry": { "type": "Point", "coordinates": [ -76.145855991621104, 39.225871437611097 ] } },
{ "type": "Feature", "properties": { "site_id": "data/raw/naip_tiles_pc_4band_v2/site_0317.tif", "farm_name": "Galen Horst/Zion Acres Poultry LLC", "county": "Cecil", "species_group": "broiler", "animal_type": "chickens_not_laying_hens", "headcount": 151000, "buildings": 5, "floor_area_m2": 10696.0, "registry_point_distance_m": 431.0, "lat": 39.679774, "lon": -75.96042, "maps_url": "https://www.google.com/maps/@39.679774,-75.96042,600m/data=!3m1!1e3" }, "geometry": { "type": "Point", "coordinates": [ -75.960419867684394, 39.679773762386255 ] } },
{ "type": "Feature", "properties": { "site_id": "data/raw/naip_tiles_pc_4band_v2/site_0416.tif", "farm_name": "Garey Quidas\\Chapel Hill Farm", "county": "Caroline", "species_group": "broiler", "animal_type": "chickens_not_laying_hens", "headcount": 81600, "buildings": 5, "floor_area_m2": 10848.0, "registry_point_distance_m": 217.0, "lat": 38.766772, "lon": -75.950318, "maps_url": "https://www.google.com/maps/@38.766772,-75.950318,600m/data=!3m1!1e3" }, "geometry": { "type": "Point", "coordinates": [ -75.950318245575573, 38.766772312078928 ] } },
{ "type": "Feature", "properties": { "site_id": "data/raw/naip_tiles_pc_4band_v2/site_0349.tif", "farm_name": "Dustin Calloway/D & W Farm", "county": "Wicomico", "species_group": "broiler", "animal_type": "chickens_not_laying_hens", "headcount": 125000, "buildings": 5, "floor_area_m2": 11582.0, "registry_point_distance_m": 513.0, "lat": 38.434654, "lon": -75.790108, "maps_url": "https://www.google.com/maps/@38.434654,-75.790108,600m/data=!3m1!1e3" }, "geometry": { "type": "Point", "coordinates": [ -75.790108147788558, 38.434653637671275 ] } },
{ "type": "Feature", "properties": { "site_id": "data/raw/naip_tiles_pc_4band_v2/site_0383.tif", "farm_name": "Thu Huynh", "county": "Wicomico", "species_group": "broiler", "animal_type": "chickens_not_laying_hens", "headcount": 300000, "buildings": 5, "floor_area_m2": 20034.0, "registry_point_distance_m": 394.0, "lat": 38.344776, "lon": -75.534123, "maps_url": "https://www.google.com/maps/@38.344776,-75.534123,600m/data=!3m1!1e3" }, "geometry": { "type": "Point", "coordinates": [ -75.534123378887841, 38.344775774467003 ] } },
{ "type": "Feature", "properties": { "site_id": "data/raw/naip_tiles_pc_4band_v2/site_0010.tif", "farm_name": "Sheraz Chaudhry/Noor Farm", "county": "Dorchester", "species_group": "broiler", "animal_type": "chickens_not_laying_hens", "headcount": 142400, "buildings": 5, "floor_area_m2": 12908.0, "registry_point_distance_m": 391.0, "lat": 38.681309, "lon": -75.765263, "maps_url": "https://www.google.com/maps/@38.681309,-75.765263,600m/data=!3m1!1e3" }, "geometry": { "type": "Point", "coordinates": [ -75.765262562039965, 38.68130920240602 ] } },
{ "type": "Feature", "properties": { "site_id": "data/raw/naip_tiles_pc_4band_v2/site_0410.tif", "farm_name": "L & B Farms LLC/Troy Tribbett", "county": "Caroline", "species_group": "broiler", "animal_type": "chickens_not_laying_hens", "headcount": 138000, "buildings": 5, "floor_area_m2": 11988.0, "registry_point_distance_m": 1211.0, "lat": 38.854285, "lon": -75.912658, "maps_url": "https://www.google.com/maps/@38.854285,-75.912658,600m/data=!3m1!1e3" }, "geometry": { "type": "Point", "coordinates": [ -75.912657541092955, 38.854285390841653 ] } },
{ "type": "Feature", "properties": { "site_id": "data/raw/naip_tiles_pc_4band_v2/site_0049.tif", "farm_name": "Barkat Farms, LLC", "county": "Somerset", "species_group": "broiler", "animal_type": "chickens_not_laying_hens", "headcount": 135000, "buildings": 5, "floor_area_m2": 12191.0, "registry_point_distance_m": 162.0, "lat": 38.223402, "lon": -75.623669, "maps_url": "https://www.google.com/maps/@38.223402,-75.623669,600m/data=!3m1!1e3" }, "geometry": { "type": "Point", "coordinates": [ -75.62366857687536, 38.223402458865344 ] } },
{ "type": "Feature", "properties": { "site_id": "data/raw/naip_tiles_pc_4band_v2/site_0050.tif", "farm_name": "James Randall Laird/Randy Laird Farm", "county": "Somerset", "species_group": "broiler", "animal_type": "chickens_not_laying_hens", "headcount": 72000, "buildings": 5, "floor_area_m2": 8837.0, "registry_point_distance_m": 274.0, "lat": 37.971961, "lon": -75.826144, "maps_url": "https://www.google.com/maps/@37.971961,-75.826144,600m/data=!3m1!1e3" }, "geometry": { "type": "Point", "coordinates": [ -75.82614434346327, 37.971961327249041 ] } },
{ "type": "Feature", "properties": { "site_id": "data/raw/naip_tiles_pc_4band_v2/site_0069.tif", "farm_name": "Charles Matthews", "county": "Caroline", "species_group": "broiler", "animal_type": "chickens_not_laying_hens", "headcount": 60000, "buildings": 5, "floor_area_m2": 7491.0, "registry_point_distance_m": 1019.0, "lat": 38.736342, "lon": -75.805861, "maps_url": "https://www.google.com/maps/@38.736342,-75.805861,600m/data=!3m1!1e3" }, "geometry": { "type": "Point", "coordinates": [ -75.805861367905294, 38.736342497986122 ] } },
{ "type": "Feature", "properties": { "site_id": "data/raw/naip_tiles_pc_4band_v2/site_0076.tif", "farm_name": "Yang Hyuk Lim/Holly Way Farm", "county": "Caroline", "species_group": "broiler", "animal_type": "chickens_not_laying_hens", "headcount": 136500, "buildings": 5, "floor_area_m2": 13264.0, "registry_point_distance_m": 118.0, "lat": 38.919272, "lon": -75.854573, "maps_url": "https://www.google.com/maps/@38.919272,-75.854573,600m/data=!3m1!1e3" }, "geometry": { "type": "Point", "coordinates": [ -75.854572549641745, 38.919271550465211 ] } },
{ "type": "Feature", "properties": { "site_id": "data/raw/naip_tiles_pc_4band_v2/site_0081.tif", "farm_name": "Zhi Sheng Lin/Sheng Lin Farm", "county": "Caroline", "species_group": "broiler", "animal_type": "chickens_not_laying_hens", "headcount": 203000, "buildings": 5, "floor_area_m2": 4204.0, "registry_point_distance_m": 222.0, "lat": 38.699536, "lon": -75.743619, "maps_url": "https://www.google.com/maps/@38.699536,-75.743619,600m/data=!3m1!1e3" }, "geometry": { "type": "Point", "coordinates": [ -75.743619020132542, 38.699535601431528 ] } },
{ "type": "Feature", "properties": { "site_id": "data/raw/naip_tiles_pc_4band_v2/site_0085.tif", "farm_name": "Benjamin Taylor", "county": "Caroline", "species_group": "broiler", "animal_type": "chickens_not_laying_hens", "headcount": 120000, "buildings": 5, "floor_area_m2": 13058.0, "registry_point_distance_m": 215.0, "lat": 38.720723, "lon": -75.886331, "maps_url": "https://www.google.com/maps/@38.720723,-75.886331,600m/data=!3m1!1e3" }, "geometry": { "type": "Point", "coordinates": [ -75.886330627482735, 38.720722856487981 ] } },
{ "type": "Feature", "properties": { "site_id": "data/raw/naip_tiles_pc_4band_v2/site_0089.tif", "farm_name": "Alton Cusick", "county": "Caroline", "species_group": "broiler", "animal_type": "chickens_not_laying_hens", "headcount": 73000, "buildings": 5, "floor_area_m2": 9741.0, "registry_point_distance_m": 650.0, "lat": 38.756569, "lon": -75.9628, "maps_url": "https://www.google.com/maps/@38.756569,-75.9628,600m/data=!3m1!1e3" }, "geometry": { "type": "Point", "coordinates": [ -75.962800148252612, 38.756568918697667 ] } },
{ "type": "Feature", "properties": { "site_id": "data/raw/naip_tiles_pc_4band_v2/site_0099.tif", "farm_name": "Amy Tran/Wings and a Prayer Farm", "county": "Somerset", "species_group": "broiler", "animal_type": "chickens_not_laying_hens", "headcount": 123500, "buildings": 5, "floor_area_m2": 9445.0, "registry_point_distance_m": 117.0, "lat": 38.061468, "lon": -75.701236, "maps_url": "https://www.google.com/maps/@38.061468,-75.701236,600m/data=!3m1!1e3" }, "geometry": { "type": "Point", "coordinates": [ -75.701236114314554, 38.061468267940292 ] } },
{ "type": "Feature", "properties": { "site_id": "data/raw/naip_tiles_pc_4band_v2/site_0122.tif", "farm_name": "Hind H. ElBaf/Hind Farm", "county": "Wicomico", "species_group": "broiler", "animal_type": "chickens_not_laying_hens", "headcount": 103000, "buildings": 5, "floor_area_m2": 9344.0, "registry_point_distance_m": 170.0, "lat": 38.405382, "lon": -75.432841, "maps_url": "https://www.google.com/maps/@38.405382,-75.432841,600m/data=!3m1!1e3" }, "geometry": { "type": "Point", "coordinates": [ -75.432841094359901, 38.405381933558196 ] } },
{ "type": "Feature", "properties": { "site_id": "data/raw/naip_tiles_pc_4band_v2/site_0124.tif", "farm_name": "William T. Marshall/MT Marshall Farm", "county": "Wicomico", "species_group": "broiler", "animal_type": "chickens_not_laying_hens", "headcount": 88000, "buildings": 5, "floor_area_m2": 7743.0, "registry_point_distance_m": 207.0, "lat": 38.332092, "lon": -75.408071, "maps_url": "https://www.google.com/maps/@38.332092,-75.408071,600m/data=!3m1!1e3" }, "geometry": { "type": "Point", "coordinates": [ -75.408071382740744, 38.332092372944068 ] } },
{ "type": "Feature", "properties": { "site_id": "data/raw/naip_tiles_pc_4band_v2/site_0128.tif", "farm_name": "Timothy M. Wright/Muddy Bottom Farm", "county": "Wicomico", "species_group": "broiler", "animal_type": "chickens_not_laying_hens", "headcount": 73200, "buildings": 5, "floor_area_m2": 7648.0, "registry_point_distance_m": 702.0, "lat": 38.452586, "lon": -75.701714, "maps_url": "https://www.google.com/maps/@38.452586,-75.701714,600m/data=!3m1!1e3" }, "geometry": { "type": "Point", "coordinates": [ -75.701713650607999, 38.452585719255936 ] } },
{ "type": "Feature", "properties": { "site_id": "data/raw/naip_tiles_pc_4band_v2/site_0129.tif", "farm_name": "Imtiaz Ahmed", "county": "Wicomico", "species_group": "broiler", "animal_type": "chickens_not_laying_hens", "headcount": 91000, "buildings": 5, "floor_area_m2": 10835.0, "registry_point_distance_m": 222.0, "lat": 38.416909, "lon": -75.759081, "maps_url": "https://www.google.com/maps/@38.416909,-75.759081,600m/data=!3m1!1e3" }, "geometry": { "type": "Point", "coordinates": [ -75.759080643367938, 38.416908608709285 ] } },
{ "type": "Feature", "properties": { "site_id": "data/raw/naip_tiles_pc_4band_v2/site_0172.tif", "farm_name": "Onley Road LLC/Far Nasir", "county": "Worcester", "species_group": "broiler", "animal_type": "chickens_not_laying_hens", "headcount": 114800, "buildings": 5, "floor_area_m2": 6361.0, "registry_point_distance_m": 243.0, "lat": 38.092641, "lon": -75.405207, "maps_url": "https://www.google.com/maps/@38.092641,-75.405207,600m/data=!3m1!1e3" }, "geometry": { "type": "Point", "coordinates": [ -75.405206545039434, 38.092641377606164 ] } },
{ "type": "Feature", "properties": { "site_id": "data/raw/naip_tiles_pc_4band_v2/site_0167.tif", "farm_name": "Ricky Scott Holland/Railroad Farm", "county": "Worcester", "species_group": "broiler", "animal_type": "chickens_not_laying_hens", "headcount": 104000, "buildings": 5, "floor_area_m2": 10872.0, "registry_point_distance_m": 478.0, "lat": 38.018752, "lon": -75.551538, "maps_url": "https://www.google.com/maps/@38.018752,-75.551538,600m/data=!3m1!1e3" }, "geometry": { "type": "Point", "coordinates": [ -75.551538193294959, 38.018752007056676 ] } },
{ "type": "Feature", "properties": { "site_id": "data/raw/naip_tiles_pc_4band_v2/site_0165.tif", "farm_name": "David Pilchard/Pilchard & Harlee's Wings Farms", "county": "Worcester", "species_group": "broiler", "animal_type": "chickens_not_laying_hens", "headcount": 153000, "buildings": 5, "floor_area_m2": 11765.0, "registry_point_distance_m": 174.0, "lat": 38.063782, "lon": -75.50657, "maps_url": "https://www.google.com/maps/@38.063782,-75.50657,600m/data=!3m1!1e3" }, "geometry": { "type": "Point", "coordinates": [ -75.506570136729266, 38.063781822649709 ] } },
{ "type": "Feature", "properties": { "site_id": "data/raw/naip_tiles_pc_4band_v2/site_0146.tif", "farm_name": "William M. Twilley/Springdale Farm", "county": "Dorchester", "species_group": "broiler", "animal_type": "chickens_not_laying_hens", "headcount": 70000, "buildings": 4, "floor_area_m2": 2543.0, "registry_point_distance_m": 136.0, "lat": 38.570812, "lon": -75.964698, "maps_url": "https://www.google.com/maps/@38.570812,-75.964698,600m/data=!3m1!1e3" }, "geometry": { "type": "Point", "coordinates": [ -75.964697891021615, 38.570811631901151 ] } },
{ "type": "Feature", "properties": { "site_id": "data/raw/naip_tiles_pc_4band_v2/site_0072.tif", "farm_name": "Lohmeyers Farm, Inc. c/o Brian Lohmeyer", "county": "Caroline", "species_group": "broiler", "animal_type": "chickens_not_laying_hens", "headcount": 72000, "buildings": 4, "floor_area_m2": 8729.0, "registry_point_distance_m": 198.0, "lat": 38.91316, "lon": -75.741014, "maps_url": "https://www.google.com/maps/@38.91316,-75.741014,600m/data=!3m1!1e3" }, "geometry": { "type": "Point", "coordinates": [ -75.74101359352936, 38.913159500380182 ] } },
{ "type": "Feature", "properties": { "site_id": "data/raw/naip_tiles_pc_4band_v2/site_0179.tif", "farm_name": "Long Nguyen/Bithao & Minh Quang Farm", "county": "Worcester", "species_group": "broiler", "animal_type": "chickens_not_laying_hens", "headcount": 120000, "buildings": 4, "floor_area_m2": 7211.0, "registry_point_distance_m": 216.0, "lat": 38.042948, "lon": -75.586016, "maps_url": "https://www.google.com/maps/@38.042948,-75.586016,600m/data=!3m1!1e3" }, "geometry": { "type": "Point", "coordinates": [ -75.586016317296981, 38.042947589864255 ] } },
{ "type": "Feature", "properties": { "site_id": "data/raw/naip_tiles_pc_4band_v2/site_0296.tif", "farm_name": "Angel's Legacy, LLC", "county": "Wicomico", "species_group": "broiler", "animal_type": "chickens_not_laying_hens", "headcount": 155000, "buildings": 4, "floor_area_m2": 11139.0, "registry_point_distance_m": 231.0, "lat": 38.446348, "lon": -75.59958, "maps_url": "https://www.google.com/maps/@38.446348,-75.59958,600m/data=!3m1!1e3" }, "geometry": { "type": "Point", "coordinates": [ -75.599580129215013, 38.446348000238387 ] } },
{ "type": "Feature", "properties": { "site_id": "data/raw/naip_tiles_pc_4band_v2/site_0293.tif", "farm_name": "Fiaz Munir (Modification)", "county": "Worcester", "species_group": "broiler", "animal_type": "chickens_not_laying_hens", "headcount": 310400, "buildings": 4, "floor_area_m2": 13064.0, "registry_point_distance_m": 433.0, "lat": 38.051323, "lon": -75.528079, "maps_url": "https://www.google.com/maps/@38.051323,-75.528079,600m/data=!3m1!1e3" }, "geometry": { "type": "Point", "coordinates": [ -75.528078617936458, 38.051322962303878 ] } },
{ "type": "Feature", "properties": { "site_id": "data/raw/naip_tiles_pc_4band_v2/site_0291.tif", "farm_name": "Bruce Nossick/Bruce Nossick Farm", "county": "Dorchester", "species_group": "broiler", "animal_type": "chickens_not_laying_hens", "headcount": 144000, "buildings": 4, "floor_area_m2": 14270.0, "registry_point_distance_m": 224.0, "lat": 38.64628, "lon": -75.82153, "maps_url": "https://www.google.com/maps/@38.64628,-75.82153,600m/data=!3m1!1e3" }, "geometry": { "type": "Point", "coordinates": [ -75.82153036197974, 38.646280090805561 ] } },
{ "type": "Feature", "properties": { "site_id": "data/raw/naip_tiles_pc_4band_v2/site_0061.tif", "farm_name": "Nathan Holsey", "county": "Caroline", "species_group": "broiler", "animal_type": "chickens_not_laying_hens", "headcount": 86000, "buildings": 4, "floor_area_m2": 8400.0, "registry_point_distance_m": 221.0, "lat": 39.127592, "lon": -75.772193, "maps_url": "https://www.google.com/maps/@39.127592,-75.772193,600m/data=!3m1!1e3" }, "geometry": { "type": "Point", "coordinates": [ -75.772193435432953, 39.127592148857005 ] } },
{ "type": "Feature", "properties": { "site_id": "data/raw/naip_tiles_pc_4band_v2/site_0063.tif", "farm_name": "Hannah Jones", "county": "Caroline", "species_group": "unknown", "animal_type": "unknown", "headcount": 0, "buildings": 4, "floor_area_m2": 6115.0, "registry_point_distance_m": 156.0, "lat": 38.908157, "lon": -75.777345, "maps_url": "https://www.google.com/maps/@38.908157,-75.777345,600m/data=!3m1!1e3" }, "geometry": { "type": "Point", "coordinates": [ -75.777344846007992, 38.908156804840843 ] } },
{ "type": "Feature", "properties": { "site_id": "data/raw/naip_tiles_pc_4band_v2/site_0285.tif", "farm_name": "ESA Farm, LLC (Imran Asghar Farm)", "county": "Caroline", "species_group": "broiler", "animal_type": "chickens_not_laying_hens", "headcount": 134600, "buildings": 4, "floor_area_m2": 10611.0, "registry_point_distance_m": 154.0, "lat": 38.656107, "lon": -75.725455, "maps_url": "https://www.google.com/maps/@38.656107,-75.725455,600m/data=!3m1!1e3" }, "geometry": { "type": "Point", "coordinates": [ -75.725455052545243, 38.656106986472778 ] } },
{ "type": "Feature", "properties": { "site_id": "data/raw/naip_tiles_pc_4band_v2/site_0402.tif", "farm_name": "Derek Caraballo/Caraballo Farms, LLC", "county": "Caroline", "species_group": "broiler", "animal_type": "chickens_not_laying_hens", "headcount": 211600, "buildings": 4, "floor_area_m2": 12245.0, "registry_point_distance_m": 476.0, "lat": 38.861815, "lon": -75.758922, "maps_url": "https://www.google.com/maps/@38.861815,-75.758922,600m/data=!3m1!1e3" }, "geometry": { "type": "Point", "coordinates": [ -75.758921719825736, 38.861814703071204 ] } },
{ "type": "Feature", "properties": { "site_id": "data/raw/naip_tiles_pc_4band_v2/site_0308.tif", "farm_name": "Jacob Gibbons/C.O.D. Farm", "county": "Worcester", "species_group": "broiler", "animal_type": "chickens_not_laying_hens", "headcount": 200000, "buildings": 4, "floor_area_m2": 10294.0, "registry_point_distance_m": 208.0, "lat": 38.199132, "lon": -75.360523, "maps_url": "https://www.google.com/maps/@38.199132,-75.360523,600m/data=!3m1!1e3" }, "geometry": { "type": "Point", "coordinates": [ -75.360522525396277, 38.199131764637954 ] } },
{ "type": "Feature", "properties": { "site_id": "data/raw/naip_tiles_pc_4band_v2/site_0079.tif", "farm_name": "Mark Monath/Mark & Brenda Monath", "county": "Caroline", "species_group": "broiler", "animal_type": "chickens_not_laying_hens", "headcount": 114300, "buildings": 4, "floor_area_m2": 8962.0, "registry_point_distance_m": 396.0, "lat": 38.780467, "lon": -75.810229, "maps_url": "https://www.google.com/maps/@38.780467,-75.810229,600m/data=!3m1!1e3" }, "geometry": { "type": "Point", "coordinates": [ -75.810229179619967, 38.780466607013409 ] } },
{ "type": "Feature", "properties": { "site_id": "data/raw/naip_tiles_pc_4band_v2/site_0362.tif", "farm_name": "Homegrown Farms, LLC/Dale Leslie Wright, Jr.", "county": "Caroline", "species_group": "broiler", "animal_type": "chickens_not_laying_hens", "headcount": 160000, "buildings": 4, "floor_area_m2": 7893.0, "registry_point_distance_m": 206.0, "lat": 38.738571, "lon": -75.763468, "maps_url": "https://www.google.com/maps/@38.738571,-75.763468,600m/data=!3m1!1e3" }, "geometry": { "type": "Point", "coordinates": [ -75.763468344192475, 38.738570868948393 ] } },
{ "type": "Feature", "properties": { "site_id": "data/raw/naip_tiles_pc_4band_v2/site_0269.tif", "farm_name": "Ronnie Schrock/Breezewood Poultry Farm", "county": "Somerset", "species_group": "broiler", "animal_type": "chickens_not_laying_hens", "headcount": 50000, "buildings": 4, "floor_area_m2": 7425.0, "registry_point_distance_m": 630.0, "lat": 38.098285, "lon": -75.690824, "maps_url": "https://www.google.com/maps/@38.098285,-75.690824,600m/data=!3m1!1e3" }, "geometry": { "type": "Point", "coordinates": [ -75.690823774619517, 38.098284696522597 ] } },
{ "type": "Feature", "properties": { "site_id": "data/raw/naip_tiles_pc_4band_v2/site_0183.tif", "farm_name": "Successful Farm Inc", "county": "Worcester", "species_group": "broiler", "animal_type": "chickens_not_laying_hens", "headcount": 113000, "buildings": 4, "floor_area_m2": 8317.0, "registry_point_distance_m": 130.0, "lat": 38.093329, "lon": -75.413106, "maps_url": "https://www.google.com/maps/@38.093329,-75.413106,600m/data=!3m1!1e3" }, "geometry": { "type": "Point", "coordinates": [ -75.413106230936961, 38.093328701897768 ] } },
{ "type": "Feature", "properties": { "site_id": "data/raw/naip_tiles_pc_4band_v2/site_0379.tif", "farm_name": "Muhammad Usman/H & N Farm, LLC", "county": "Wicomico", "species_group": "unknown", "animal_type": "unknown", "headcount": 0, "buildings": 4, "floor_area_m2": 10253.0, "registry_point_distance_m": 320.0, "lat": 38.362169, "lon": -75.325074, "maps_url": "https://www.google.com/maps/@38.362169,-75.325074,600m/data=!3m1!1e3" }, "geometry": { "type": "Point", "coordinates": [ -75.325073926332138, 38.362169055192126 ] } },
{ "type": "Feature", "properties": { "site_id": "data/raw/naip_tiles_pc_4band_v2/site_0084.tif", "farm_name": "Gary Geisel/Pepper Ridge Farm", "county": "Caroline", "species_group": "broiler", "animal_type": "chickens_not_laying_hens", "headcount": 154900, "buildings": 4, "floor_area_m2": 10228.0, "registry_point_distance_m": 120.0, "lat": 38.887431, "lon": -75.771605, "maps_url": "https://www.google.com/maps/@38.887431,-75.771605,600m/data=!3m1!1e3" }, "geometry": { "type": "Point", "coordinates": [ -75.771604959921532, 38.887431374805452 ] } },
{ "type": "Feature", "properties": { "site_id": "data/raw/naip_tiles_pc_4band_v2/site_0184.tif", "farm_name": "Maurice Blake", "county": "Wicomico", "species_group": "broiler", "animal_type": "chickens_not_laying_hens", "headcount": 68000, "buildings": 4, "floor_area_m2": 4863.0, "registry_point_distance_m": 271.0, "lat": 38.432379, "lon": -75.354386, "maps_url": "https://www.google.com/maps/@38.432379,-75.354386,600m/data=!3m1!1e3" }, "geometry": { "type": "Point", "coordinates": [ -75.354385719410587, 38.432379309842879 ] } },
{ "type": "Feature", "properties": { "site_id": "data/raw/naip_tiles_pc_4band_v2/site_0088.tif", "farm_name": "Dan Dan Cai/Sunny Lin Farm", "county": "Caroline", "species_group": "broiler", "animal_type": "chickens_not_laying_hens", "headcount": 84000, "buildings": 4, "floor_area_m2": 7415.0, "registry_point_distance_m": 158.0, "lat": 38.831183, "lon": -75.757583, "maps_url": "https://www.google.com/maps/@38.831183,-75.757583,600m/data=!3m1!1e3" }, "geometry": { "type": "Point", "coordinates": [ -75.757582982130913, 38.831182577316326 ] } },
{ "type": "Feature", "properties": { "site_id": "data/raw/naip_tiles_pc_4band_v2/site_0407.tif", "farm_name": "Jason Lambertson/Grace Ridge Farm LLC", "county": "Worcester", "species_group": "broiler", "animal_type": "chickens_not_laying_hens", "headcount": 180000, "buildings": 4, "floor_area_m2": 16096.0, "registry_point_distance_m": 196.0, "lat": 38.029817, "lon": -75.474759, "maps_url": "https://www.google.com/maps/@38.029817,-75.474759,600m/data=!3m1!1e3" }, "geometry": { "type": "Point", "coordinates": [ -75.474759245579591, 38.029817320900491 ] } },
{ "type": "Feature", "properties": { "site_id": "data/raw/naip_tiles_pc_4band_v2/site_0037.tif", "farm_name": "Hien Tran and Minh Ma/Coco/Juki Farm", "county": "Worcester", "species_group": "broiler", "animal_type": "chickens_not_laying_hens", "headcount": 90000, "buildings": 4, "floor_area_m2": 8292.0, "registry_point_distance_m": 133.0, "lat": 38.012839, "lon": -75.601205, "maps_url": "https://www.google.com/maps/@38.012839,-75.601205,600m/data=!3m1!1e3" }, "geometry": { "type": "Point", "coordinates": [ -75.601205302803947, 38.012839149660692 ] } },
{ "type": "Feature", "properties": { "site_id": "data/raw/naip_tiles_pc_4band_v2/site_0369.tif", "farm_name": "Cal-Maine Foods, Inc.- Layers", "county": "Kent", "species_group": "poultry_other", "animal_type": "laying_hens_dry_manure", "headcount": 676512, "buildings": 4, "floor_area_m2": 9564.0, "registry_point_distance_m": 695.0, "lat": 39.283751, "lon": -75.808842, "maps_url": "https://www.google.com/maps/@39.283751,-75.808842,600m/data=!3m1!1e3" }, "geometry": { "type": "Point", "coordinates": [ -75.808841996821315, 39.283751427887935 ] } },
{ "type": "Feature", "properties": { "site_id": "data/raw/naip_tiles_pc_4band_v2/site_0021.tif", "farm_name": "Cobb-Heritage, LLC Farms #15 &17", "county": "Somerset", "species_group": "broiler", "animal_type": "chickens_not_laying_hens", "headcount": 36000, "buildings": 4, "floor_area_m2": 3523.0, "registry_point_distance_m": 678.0, "lat": 38.202461, "lon": -75.739933, "maps_url": "https://www.google.com/maps/@38.202461,-75.739933,600m/data=!3m1!1e3" }, "geometry": { "type": "Point", "coordinates": [ -75.739933450251073, 38.202460562082955 ] } },
{ "type": "Feature", "properties": { "site_id": "data/raw/naip_tiles_pc_4band_v2/site_0415.tif", "farm_name": "Nazma Chishty", "county": "Queen Anne's", "species_group": "broiler", "animal_type": "chickens_not_laying_hens", "headcount": 248000, "buildings": 4, "floor_area_m2": 7516.0, "registry_point_distance_m": 165.0, "lat": 39.134792, "lon": -75.794316, "maps_url": "https://www.google.com/maps/@39.134792,-75.794316,600m/data=!3m1!1e3" }, "geometry": { "type": "Point", "coordinates": [ -75.794315924682337, 39.134791568734741 ] } },
{ "type": "Feature", "properties": { "site_id": "data/raw/naip_tiles_pc_4band_v2/site_0414.tif", "farm_name": "Tyler Aydelotte/Roasters and Roses Farm", "county": "Worcester", "species_group": "broiler", "animal_type": "chickens_not_laying_hens", "headcount": 89200, "buildings": 4, "floor_area_m2": 7244.0, "registry_point_distance_m": 458.0, "lat": 38.026821, "lon": -75.518239, "maps_url": "https://www.google.com/maps/@38.026821,-75.518239,600m/data=!3m1!1e3" }, "geometry": { "type": "Point", "coordinates": [ -75.518238582481672, 38.026821139212821 ] } },
{ "type": "Feature", "properties": { "site_id": "data/raw/naip_tiles_pc_4band_v2/site_0016.tif", "farm_name": "David Denny/B & B Denny LLC", "county": "Queen Anne's", "species_group": "broiler", "animal_type": "chickens_not_laying_hens", "headcount": 67000, "buildings": 4, "floor_area_m2": 9916.0, "registry_point_distance_m": 288.0, "lat": 38.944134, "lon": -76.017027, "maps_url": "https://www.google.com/maps/@38.944134,-76.017027,600m/data=!3m1!1e3" }, "geometry": { "type": "Point", "coordinates": [ -76.017027084336277, 38.944133806488708 ] } },
{ "type": "Feature", "properties": { "site_id": "data/raw/naip_tiles_pc_4band_v2/site_0341.tif", "farm_name": "Thomas Robert Leager Jr./T & L Leager", "county": "Queen Anne's", "species_group": "broiler", "animal_type": "chickens_not_laying_hens", "headcount": 172000, "buildings": 4, "floor_area_m2": 13734.0, "registry_point_distance_m": 250.0, "lat": 39.160373, "lon": -75.90309, "maps_url": "https://www.google.com/maps/@39.160373,-75.90309,600m/data=!3m1!1e3" }, "geometry": { "type": "Point", "coordinates": [ -75.903090196054507, 39.160372741272695 ] } },
{ "type": "Feature", "properties": { "site_id": "data/raw/naip_tiles_pc_4band_v2/site_0340.tif", "farm_name": "MD Jockey Club of Baltimore City, Inc./Pimlico Race Course", "county": "Baltimore City", "species_group": "excluded", "animal_type": "horses", "headcount": 350, "buildings": 4, "floor_area_m2": 5556.0, "registry_point_distance_m": 562.0, "lat": 39.353703, "lon": -76.674473, "maps_url": "https://www.google.com/maps/@39.353703,-76.674473,600m/data=!3m1!1e3" }, "geometry": { "type": "Point", "coordinates": [ -76.674473018306969, 39.353702778609431 ] } },
{ "type": "Feature", "properties": { "site_id": "data/raw/naip_tiles_pc_4band_v2/site_0019.tif", "farm_name": "Christopher Wright Farm", "county": "Queen Anne's", "species_group": "broiler", "animal_type": "chickens_not_laying_hens", "headcount": 77000, "buildings": 4, "floor_area_m2": 4740.0, "registry_point_distance_m": 718.0, "lat": 39.154642, "lon": -75.879032, "maps_url": "https://www.google.com/maps/@39.154642,-75.879032,600m/data=!3m1!1e3" }, "geometry": { "type": "Point", "coordinates": [ -75.879031709175536, 39.154641802746056 ] } },
{ "type": "Feature", "properties": { "site_id": "data/raw/naip_tiles_pc_4band_v2/site_0334.tif", "farm_name": "Ryan Aydelotte/Peace & Plenty Farm", "county": "Worcester", "species_group": "broiler", "animal_type": "chickens_not_laying_hens", "headcount": 96000, "buildings": 4, "floor_area_m2": 8694.0, "registry_point_distance_m": 172.0, "lat": 38.026621, "lon": -75.524433, "maps_url": "https://www.google.com/maps/@38.026621,-75.524433,600m/data=!3m1!1e3" }, "geometry": { "type": "Point", "coordinates": [ -75.524433012271032, 38.026621172995362 ] } },
{ "type": "Feature", "properties": { "site_id": "data/raw/naip_tiles_pc_4band_v2/site_0333.tif", "farm_name": "William Gary Marvel/Hidden Acres Farm", "county": "Caroline", "species_group": "broiler", "animal_type": "chickens_not_laying_hens", "headcount": 94000, "buildings": 4, "floor_area_m2": 7868.0, "registry_point_distance_m": 188.0, "lat": 38.896831, "lon": -75.740238, "maps_url": "https://www.google.com/maps/@38.896831,-75.740238,600m/data=!3m1!1e3" }, "geometry": { "type": "Point", "coordinates": [ -75.740238187344076, 38.896830872894562 ] } },
{ "type": "Feature", "properties": { "site_id": "data/raw/naip_tiles_pc_4band_v2/site_0354.tif", "farm_name": "Hien Tran and Minh Ma/Green Farm", "county": "Worcester", "species_group": "broiler", "animal_type": "chickens_not_laying_hens", "headcount": 96000, "buildings": 4, "floor_area_m2": 6509.0, "registry_point_distance_m": 322.0, "lat": 38.089004, "lon": -75.517053, "maps_url": "https://www.google.com/maps/@38.089004,-75.517053,600m/data=!3m1!1e3" }, "geometry": { "type": "Point", "coordinates": [ -75.517052934956837, 38.089004363515222 ] } },
{ "type": "Feature", "properties": { "site_id": "data/raw/naip_tiles_pc_4band_v2/site_0035.tif", "farm_name": "Bach Farm LLC/ Hung Duy Bach", "county": "Somerset", "species_group": "broiler", "animal_type": "chickens_not_laying_hens", "headcount": 111000, "buildings": 4, "floor_area_m2": 6914.0, "registry_point_distance_m": 212.0, "lat": 38.233531, "lon": -75.75949, "maps_url": "https://www.google.com/maps/@38.233531,-75.75949,600m/data=!3m1!1e3" }, "geometry": { "type": "Point", "coordinates": [ -75.759489740962422, 38.233531303360685 ] } },
{ "type": "Feature", "properties": { "site_id": "data/raw/naip_tiles_pc_4band_v2/site_0028.tif", "farm_name": "W. Frank Barnes, Jr./Fairfield Farm", "county": "Kent", "species_group": "broiler", "animal_type": "chickens_not_laying_hens", "headcount": 88000, "buildings": 4, "floor_area_m2": 7584.0, "registry_point_distance_m": 144.0, "lat": 39.228233, "lon": -76.177827, "maps_url": "https://www.google.com/maps/@39.228233,-76.177827,600m/data=!3m1!1e3" }, "geometry": { "type": "Point", "coordinates": [ -76.177827163545956, 39.228233350074284 ] } },
{ "type": "Feature", "properties": { "site_id": "data/raw/naip_tiles_pc_4band_v2/site_0357.tif", "farm_name": "Haroonali Chaudhry/Langrial Farm", "county": "Caroline", "species_group": "broiler", "animal_type": "chickens_not_laying_hens", "headcount": 72000, "buildings": 4, "floor_area_m2": 7868.0, "registry_point_distance_m": 378.0, "lat": 38.787797, "lon": -75.769668, "maps_url": "https://www.google.com/maps/@38.787797,-75.769668,600m/data=!3m1!1e3" }, "geometry": { "type": "Point", "coordinates": [ -75.769667780081448, 38.787796996663808 ] } },
{ "type": "Feature", "properties": { "site_id": "data/raw/naip_tiles_pc_4band_v2/site_0320.tif", "farm_name": "Andre Rance/JamaicaDra, LLC", "county": "Caroline", "species_group": "broiler", "animal_type": "chickens_not_laying_hens", "headcount": 86800, "buildings": 4, "floor_area_m2": 5647.0, "registry_point_distance_m": 128.0, "lat": 38.808817, "lon": -75.863325, "maps_url": "https://www.google.com/maps/@38.808817,-75.863325,600m/data=!3m1!1e3" }, "geometry": { "type": "Point", "coordinates": [ -75.863325372772366, 38.808816988598338 ] } },
{ "type": "Feature", "properties": { "site_id": "data/raw/naip_tiles_pc_4band_v2/site_0030.tif", "farm_name": "William R. Darling Jr./Trinity Farm", "county": "Queen Anne's", "species_group": "broiler", "animal_type": "chickens_not_laying_hens", "headcount": 104000, "buildings": 4, "floor_area_m2": 7510.0, "registry_point_distance_m": 102.0, "lat": 39.183642, "lon": -75.80473, "maps_url": "https://www.google.com/maps/@39.183642,-75.80473,600m/data=!3m1!1e3" }, "geometry": { "type": "Point", "coordinates": [ -75.804730364886325, 39.183641644211832 ] } },
{ "type": "Feature", "properties": { "site_id": "data/raw/naip_tiles_pc_4band_v2/site_0031.tif", "farm_name": "Gerard Dumsha/Go Away Acres Farm Inc.", "county": "Somerset", "species_group": "broiler", "animal_type": "chickens_not_laying_hens", "headcount": 98800, "buildings": 4, "floor_area_m2": 6912.0, "registry_point_distance_m": 244.0, "lat": 38.177792, "lon": -75.679894, "maps_url": "https://www.google.com/maps/@38.177792,-75.679894,600m/data=!3m1!1e3" }, "geometry": { "type": "Point", "coordinates": [ -75.679894176264852, 38.177791733034034 ] } },
{ "type": "Feature", "properties": { "site_id": "data/raw/naip_tiles_pc_4band_v2/site_0033.tif", "farm_name": "Eric Bedsworth", "county": "Somerset", "species_group": "broiler", "animal_type": "chickens_not_laying_hens", "headcount": 77600, "buildings": 4, "floor_area_m2": 4235.0, "registry_point_distance_m": 101.0, "lat": 38.211167, "lon": -75.782753, "maps_url": "https://www.google.com/maps/@38.211167,-75.782753,600m/data=!3m1!1e3" }, "geometry": { "type": "Point", "coordinates": [ -75.782753249842088, 38.21116672508419 ] } },
{ "type": "Feature", "properties": { "site_id": "data/raw/naip_tiles_pc_4band_v2/site_0313.tif", "farm_name": "Ijaz Ahmad/Prime Farm", "county": "Caroline", "species_group": "broiler", "animal_type": "chickens_not_laying_hens", "headcount": 131200, "buildings": 4, "floor_area_m2": 11180.0, "registry_point_distance_m": 198.0, "lat": 38.77922, "lon": -75.749604, "maps_url": "https://www.google.com/maps/@38.77922,-75.749604,600m/data=!3m1!1e3" }, "geometry": { "type": "Point", "coordinates": [ -75.749604054806184, 38.779219854311307 ] } },
{ "type": "Feature", "properties": { "site_id": "data/raw/naip_tiles_pc_4band_v2/site_0034.tif", "farm_name": "David Hoffman", "county": "Somerset", "species_group": "broiler", "animal_type": "chickens_not_laying_hens", "headcount": 156400, "buildings": 4, "floor_area_m2": 11386.0, "registry_point_distance_m": 118.0, "lat": 38.087544, "lon": -75.583895, "maps_url": "https://www.google.com/maps/@38.087544,-75.583895,600m/data=!3m1!1e3" }, "geometry": { "type": "Point", "coordinates": [ -75.583895344219641, 38.087543770110415 ] } },
{ "type": "Feature", "properties": { "site_id": "data/raw/naip_tiles_pc_4band_v2/site_0247.tif", "farm_name": "Adam Stanley/Deathly Hollows", "county": "Somerset", "species_group": "unknown", "animal_type": "unknown", "headcount": 0, "buildings": 4, "floor_area_m2": 9309.0, "registry_point_distance_m": 72.0, "lat": 38.026182, "lon": -75.805366, "maps_url": "https://www.google.com/maps/@38.026182,-75.805366,600m/data=!3m1!1e3" }, "geometry": { "type": "Point", "coordinates": [ -75.805366247137414, 38.026181914227422 ] } },
{ "type": "Feature", "properties": { "site_id": "data/raw/naip_tiles_pc_4band_v2/site_0083.tif", "farm_name": "Paul Towers Sr./P&J Farm", "county": "Caroline", "species_group": "broiler", "animal_type": "chickens_not_laying_hens", "headcount": 98800, "buildings": 4, "floor_area_m2": 8282.0, "registry_point_distance_m": 150.0, "lat": 38.909924, "lon": -75.773075, "maps_url": "https://www.google.com/maps/@38.909924,-75.773075,600m/data=!3m1!1e3" }, "geometry": { "type": "Point", "coordinates": [ -75.773075015994905, 38.909924167063174 ] } },
{ "type": "Feature", "properties": { "site_id": "data/raw/naip_tiles_pc_4band_v2/site_0220.tif", "farm_name": "Kevin Pham/Danny&Kenny Farm", "county": "Somerset", "species_group": "broiler", "animal_type": "chickens_not_laying_hens", "headcount": 96000, "buildings": 4, "floor_area_m2": 7499.0, "registry_point_distance_m": 114.0, "lat": 38.069614, "lon": -75.656186, "maps_url": "https://www.google.com/maps/@38.069614,-75.656186,600m/data=!3m1!1e3" }, "geometry": { "type": "Point", "coordinates": [ -75.65618559902542, 38.069614379396555 ] } },
{ "type": "Feature", "properties": { "site_id": "data/raw/naip_tiles_pc_4band_v2/site_0154.tif", "farm_name": "Stephen  W. Pusey/Grand Anse Farm", "county": "Worcester", "species_group": "broiler", "animal_type": "chickens_not_laying_hens", "headcount": 100000, "buildings": 4, "floor_area_m2": 7473.0, "registry_point_distance_m": 230.0, "lat": 38.052728, "lon": -75.570978, "maps_url": "https://www.google.com/maps/@38.052728,-75.570978,600m/data=!3m1!1e3" }, "geometry": { "type": "Point", "coordinates": [ -75.570978181569799, 38.05272819131207 ] } },
{ "type": "Feature", "properties": { "site_id": "data/raw/naip_tiles_pc_4band_v2/site_0149.tif", "farm_name": "Wheat - Ridge Farm, Inc", "county": "Dorchester", "species_group": "broiler", "animal_type": "chickens_not_laying_hens", "headcount": 117600, "buildings": 4, "floor_area_m2": 8945.0, "registry_point_distance_m": 176.0, "lat": 38.573607, "lon": -75.735294, "maps_url": "https://www.google.com/maps/@38.573607,-75.735294,600m/data=!3m1!1e3" }, "geometry": { "type": "Point", "coordinates": [ -75.735294438357158, 38.573606970956369 ] } },
{ "type": "Feature", "properties": { "site_id": "data/raw/naip_tiles_pc_4band_v2/site_0227.tif", "farm_name": "Weaver Farms, LLC/Richard Weaver", "county": "Queen Anne's", "species_group": "broiler", "animal_type": "chickens_not_laying_hens", "headcount": 114000, "buildings": 4, "floor_area_m2": 9585.0, "registry_point_distance_m": 45.0, "lat": 39.146443, "lon": -75.81042, "maps_url": "https://www.google.com/maps/@39.146443,-75.81042,600m/data=!3m1!1e3" }, "geometry": { "type": "Point", "coordinates": [ -75.810420443523185, 39.146443228946204 ] } },
{ "type": "Feature", "properties": { "site_id": "data/raw/naip_tiles_pc_4band_v2/site_0105.tif", "farm_name": "Jadwins Farm, LLC/ John F. Williams III", "county": "Talbot", "species_group": "broiler", "animal_type": "chickens_not_laying_hens", "headcount": 92000, "buildings": 4, "floor_area_m2": 7068.0, "registry_point_distance_m": 456.0, "lat": 38.838171, "lon": -75.934684, "maps_url": "https://www.google.com/maps/@38.838171,-75.934684,600m/data=!3m1!1e3" }, "geometry": { "type": "Point", "coordinates": [ -75.934684018493016, 38.838170942846112 ] } },
{ "type": "Feature", "properties": { "site_id": "data/raw/naip_tiles_pc_4band_v2/site_0190.tif", "farm_name": "Joshua Cole McCafferty", "county": "Caroline", "species_group": "broiler", "animal_type": "chickens_not_laying_hens", "headcount": 87000, "buildings": 4, "floor_area_m2": 6874.0, "registry_point_distance_m": 154.0, "lat": 38.898796, "lon": -75.85389, "maps_url": "https://www.google.com/maps/@38.898796,-75.85389,600m/data=!3m1!1e3" }, "geometry": { "type": "Point", "coordinates": [ -75.853890191936856, 38.898796119775383 ] } },
{ "type": "Feature", "properties": { "site_id": "data/raw/naip_tiles_pc_4band_v2/site_0131.tif", "farm_name": "Jason L. Sheubrooks/JACA Farm", "county": "Queen Anne's", "species_group": "broiler", "animal_type": "chickens_not_laying_hens", "headcount": 155200, "buildings": 4, "floor_area_m2": 9288.0, "registry_point_distance_m": 308.0, "lat": 39.141613, "lon": -75.937109, "maps_url": "https://www.google.com/maps/@39.141613,-75.937109,600m/data=!3m1!1e3" }, "geometry": { "type": "Point", "coordinates": [ -75.937108740550457, 39.141612507219108 ] } },
{ "type": "Feature", "properties": { "site_id": "data/raw/naip_tiles_pc_4band_v2/site_0104.tif", "farm_name": "Chaudhry Farm, LLC/Pervaiz Akhtar", "county": "Somerset", "species_group": "broiler", "animal_type": "chickens_not_laying_hens", "headcount": 146000, "buildings": 4, "floor_area_m2": 8932.0, "registry_point_distance_m": 153.0, "lat": 37.992482, "lon": -75.815722, "maps_url": "https://www.google.com/maps/@37.992482,-75.815722,600m/data=!3m1!1e3" }, "geometry": { "type": "Point", "coordinates": [ -75.815721825037855, 37.99248166554797 ] } },
{ "type": "Feature", "properties": { "site_id": "data/raw/naip_tiles_pc_4band_v2/site_0214.tif", "farm_name": "Jason Dryden Farms Inc. c/o Jason Dryden/Pop Pop Elmo Farm", "county": "Somerset", "species_group": "broiler", "animal_type": "chickens_not_laying_hens", "headcount": 167000, "buildings": 4, "floor_area_m2": 10225.0, "registry_point_distance_m": 182.0, "lat": 38.064986, "lon": -75.657887, "maps_url": "https://www.google.com/maps/@38.064986,-75.657887,600m/data=!3m1!1e3" }, "geometry": { "type": "Point", "coordinates": [ -75.657886767260294, 38.064986042406311 ] } },
{ "type": "Feature", "properties": { "site_id": "data/raw/naip_tiles_pc_4band_v2/site_0119.tif", "farm_name": "David Shockley/Hardway Farm", "county": "Wicomico", "species_group": "broiler", "animal_type": "chickens_not_laying_hens", "headcount": 112600, "buildings": 4, "floor_area_m2": 7697.0, "registry_point_distance_m": 90.0, "lat": 38.403439, "lon": -75.473667, "maps_url": "https://www.google.com/maps/@38.403439,-75.473667,600m/data=!3m1!1e3" }, "geometry": { "type": "Point", "coordinates": [ -75.473666979193183, 38.403438728574301 ] } },
{ "type": "Feature", "properties": { "site_id": "data/raw/naip_tiles_pc_4band_v2/site_0107.tif", "farm_name": "Robin Meekins/Jews Farm", "county": "Dorchester", "species_group": "broiler", "animal_type": "chickens_not_laying_hens", "headcount": 112000, "buildings": 4, "floor_area_m2": 9171.0, "registry_point_distance_m": 632.0, "lat": 38.475687, "lon": -76.065075, "maps_url": "https://www.google.com/maps/@38.475687,-76.065075,600m/data=!3m1!1e3" }, "geometry": { "type": "Point", "coordinates": [ -76.065074577211291, 38.475687031942016 ] } },
{ "type": "Feature", "properties": { "site_id": "data/raw/naip_tiles_pc_4band_v2/site_0233.tif", "farm_name": "Stephen L. Stoltzfus", "county": "Kent", "species_group": "broiler", "animal_type": "chickens_not_laying_hens", "headcount": 75000, "buildings": 4, "floor_area_m2": 8149.0, "registry_point_distance_m": 197.0, "lat": 39.260868, "lon": -75.963425, "maps_url": "https://www.google.com/maps/@39.260868,-75.963425,600m/data=!3m1!1e3" }, "geometry": { "type": "Point", "coordinates": [ -75.963425138710846, 39.260868053958291 ] } },
{ "type": "Feature", "properties": { "site_id": "data/raw/naip_tiles_pc_4band_v2/site_0133.tif", "farm_name": "Hannan Farm, LLC/ Hannan Hamid (Hope 1-4 &Hope 5-7)", "county": "Wicomico", "species_group": "broiler", "animal_type": "chickens_not_laying_hens", "headcount": 165000, "buildings": 4, "floor_area_m2": 8065.0, "registry_point_distance_m": 186.0, "lat": 38.44485, "lon": -75.386328, "maps_url": "https://www.google.com/maps/@38.44485,-75.386328,600m/data=!3m1!1e3" }, "geometry": { "type": "Point", "coordinates": [ -75.386327628966015, 38.444849830346229 ] } },
{ "type": "Feature", "properties": { "site_id": "data/raw/naip_tiles_pc_4band_v2/site_0118.tif", "farm_name": "Barry Brent Ickes/Ickes Farm", "county": "Wicomico", "species_group": "broiler", "animal_type": "chickens_not_laying_hens", "headcount": 122500, "buildings": 4, "floor_area_m2": 9974.0, "registry_point_distance_m": 265.0, "lat": 38.306668, "lon": -75.371447, "maps_url": "https://www.google.com/maps/@38.306668,-75.371447,600m/data=!3m1!1e3" }, "geometry": { "type": "Point", "coordinates": [ -75.37144713494709, 38.306667774314526 ] } },
{ "type": "Feature", "properties": { "site_id": "data/raw/naip_tiles_pc_4band_v2/site_0226.tif", "farm_name": "William Moore, III", "county": "Caroline", "species_group": "broiler", "animal_type": "chickens_not_laying_hens", "headcount": 62200, "buildings": 4, "floor_area_m2": 7357.0, "registry_point_distance_m": 80.0, "lat": 38.952655, "lon": -75.863228, "maps_url": "https://www.google.com/maps/@38.952655,-75.863228,600m/data=!3m1!1e3" }, "geometry": { "type": "Point", "coordinates": [ -75.863227872797907, 38.952655372686159 ] } },
{ "type": "Feature", "properties": { "site_id": "data/raw/naip_tiles_pc_4band_v2/site_0186.tif", "farm_name": "Ramsay Family Farm, Inc.", "county": "Somerset", "species_group": "broiler", "animal_type": "chickens_not_laying_hens", "headcount": 117500, "buildings": 4, "floor_area_m2": 3706.0, "registry_point_distance_m": 520.0, "lat": 38.052367, "lon": -75.663918, "maps_url": "https://www.google.com/maps/@38.052367,-75.663918,600m/data=!3m1!1e3" }, "geometry": { "type": "Point", "coordinates": [ -75.66391794213763, 38.052366964236775 ] } },
{ "type": "Feature", "properties": { "site_id": "data/raw/naip_tiles_pc_4band_v2/site_0236.tif", "farm_name": "Jason Powell/Jason Powell Farms Inc.", "county": "Wicomico", "species_group": "broiler", "animal_type": "chickens_not_laying_hens", "headcount": 58600, "buildings": 4, "floor_area_m2": 5019.0, "registry_point_distance_m": 146.0, "lat": 38.443609, "lon": -75.358697, "maps_url": "https://www.google.com/maps/@38.443609,-75.358697,600m/data=!3m1!1e3" }, "geometry": { "type": "Point", "coordinates": [ -75.358696696085488, 38.44360941863841 ] } },
{ "type": "Feature", "properties": { "site_id": "data/raw/naip_tiles_pc_4band_v2/site_0387.tif", "farm_name": "George and Brenda Young Chicks Farm", "county": "Worcester", "species_group": "broiler", "animal_type": "chickens_not_laying_hens", "headcount": 60120, "buildings": 4, "floor_area_m2": 8382.0, "registry_point_distance_m": 536.0, "lat": 38.063143, "lon": -75.645482, "maps_url": "https://www.google.com/maps/@38.063143,-75.645482,600m/data=!3m1!1e3" }, "geometry": { "type": "Point", "coordinates": [ -75.645481918217158, 38.06314278307908 ] } },
{ "type": "Feature", "properties": { "site_id": "data/raw/naip_tiles_pc_4band_v2/site_0372.tif", "farm_name": "Hoa Tran/Morning Sun LLC", "county": "Wicomico", "species_group": "broiler", "animal_type": "chickens_not_laying_hens", "headcount": 98000, "buildings": 4, "floor_area_m2": 7703.0, "registry_point_distance_m": 198.0, "lat": 38.304488, "lon": -75.535738, "maps_url": "https://www.google.com/maps/@38.304488,-75.535738,600m/data=!3m1!1e3" }, "geometry": { "type": "Point", "coordinates": [ -75.53573780456324, 38.304488201408226 ] } },
{ "type": "Feature", "properties": { "site_id": "data/raw/naip_tiles_pc_4band_v2/site_0137.tif", "farm_name": "Daniel Rayne/Rayne Acres", "county": "Wicomico", "species_group": "broiler", "animal_type": "chickens_not_laying_hens", "headcount": 100000, "buildings": 4, "floor_area_m2": 9811.0, "registry_point_distance_m": 437.0, "lat": 38.420014, "lon": -75.356668, "maps_url": "https://www.google.com/maps/@38.420014,-75.356668,600m/data=!3m1!1e3" }, "geometry": { "type": "Point", "coordinates": [ -75.356667952535886, 38.42001434001255 ] } },
{ "type": "Feature", "properties": { "site_id": "data/raw/naip_tiles_pc_4band_v2/site_0198.tif", "farm_name": "Oscar T. Rentschler Jr./Black Lab Acres", "county": "Somerset", "species_group": "broiler", "animal_type": "chickens_not_laying_hens", "headcount": 142000, "buildings": 4, "floor_area_m2": 8732.0, "registry_point_distance_m": 36.0, "lat": 38.192085, "lon": -75.605639, "maps_url": "https://www.google.com/maps/@38.192085,-75.605639,600m/data=!3m1!1e3" }, "geometry": { "type": "Point", "coordinates": [ -75.605638604925005, 38.192085198108899 ] } },
{ "type": "Feature", "properties": { "site_id": "data/raw/naip_tiles_pc_4band_v2/site_0394.tif", "farm_name": "Mohammad J. Sheikh/Kun Farm LLC", "county": "Somerset", "species_group": "broiler", "animal_type": "chickens_not_laying_hens", "headcount": 117200, "buildings": 4, "floor_area_m2": 6774.0, "registry_point_distance_m": 258.0, "lat": 38.255502, "lon": -75.689219, "maps_url": "https://www.google.com/maps/@38.255502,-75.689219,600m/data=!3m1!1e3" }, "geometry": { "type": "Point", "coordinates": [ -75.689218619994421, 38.255502454746583 ] } },
{ "type": "Feature", "properties": { "site_id": "data/raw/naip_tiles_pc_4band_v2/site_0239.tif", "farm_name": "Justin Humphreys/Humphreys Farms, LLC/Somerset Farm", "county": "Somerset", "species_group": "broiler", "animal_type": "chickens_not_laying_hens", "headcount": 122000, "buildings": 4, "floor_area_m2": 9083.0, "registry_point_distance_m": 179.0, "lat": 38.140574, "lon": -75.684797, "maps_url": "https://www.google.com/maps/@38.140574,-75.684797,600m/data=!3m1!1e3" }, "geometry": { "type": "Point", "coordinates": [ -75.68479678608368, 38.140573806118198 ] } },
{ "type": "Feature", "properties": { "site_id": "data/raw/naip_tiles_pc_4band_v2/site_0385.tif", "farm_name": "Ladian Farms, LLC", "county": "Somerset", "species_group": "broiler", "animal_type": "chickens_not_laying_hens", "headcount": 142000, "buildings": 4, "floor_area_m2": 11160.0, "registry_point_distance_m": 156.0, "lat": 38.220751, "lon": -75.583813, "maps_url": "https://www.google.com/maps/@38.220751,-75.583813,600m/data=!3m1!1e3" }, "geometry": { "type": "Point", "coordinates": [ -75.58381305757645, 38.220751248576626 ] } },
{ "type": "Feature", "properties": { "site_id": "data/raw/naip_tiles_pc_4band_v2/site_0042.tif", "farm_name": "William Michael Dryden", "county": "Somerset", "species_group": "broiler", "animal_type": "chickens_not_laying_hens", "headcount": 110000, "buildings": 3, "floor_area_m2": 6291.0, "registry_point_distance_m": 62.0, "lat": 38.068273, "lon": -75.62715, "maps_url": "https://www.google.com/maps/@38.068273,-75.62715,600m/data=!3m1!1e3" }, "geometry": { "type": "Point", "coordinates": [ -75.627149594700199, 38.068272914292201 ] } },
{ "type": "Feature", "properties": { "site_id": "data/raw/naip_tiles_pc_4band_v2/site_0044.tif", "farm_name": "Lich Cao/LC Farm", "county": "Somerset", "species_group": "broiler", "animal_type": "chickens_not_laying_hens", "headcount": 180000, "buildings": 3, "floor_area_m2": 3518.0, "registry_point_distance_m": 201.0, "lat": 38.008616, "lon": -75.775937, "maps_url": "https://www.google.com/maps/@38.008616,-75.775937,600m/data=!3m1!1e3" }, "geometry": { "type": "Point", "coordinates": [ -75.77593726422937, 38.008615568301096 ] } },
{ "type": "Feature", "properties": { "site_id": "data/raw/naip_tiles_pc_4band_v2/site_0121.tif", "farm_name": "Jong Kil Won/Hallelujah Farm", "county": "Wicomico", "species_group": "broiler", "animal_type": "chickens_not_laying_hens", "headcount": 98500, "buildings": 3, "floor_area_m2": 7418.0, "registry_point_distance_m": 215.0, "lat": 38.40542, "lon": -75.404644, "maps_url": "https://www.google.com/maps/@38.40542,-75.404644,600m/data=!3m1!1e3" }, "geometry": { "type": "Point", "coordinates": [ -75.40464359704697, 38.405419964194166 ] } },
{ "type": "Feature", "properties": { "site_id": "data/raw/naip_tiles_pc_4band_v2/site_0392.tif", "farm_name": "Brian C. Jones / B-Boy Farms", "county": "Wicomico", "species_group": "broiler", "animal_type": "chickens_not_laying_hens", "headcount": 120000, "buildings": 3, "floor_area_m2": 6164.0, "registry_point_distance_m": 244.0, "lat": 38.27953, "lon": -75.573827, "maps_url": "https://www.google.com/maps/@38.27953,-75.573827,600m/data=!3m1!1e3" }, "geometry": { "type": "Point", "coordinates": [ -75.573827419181541, 38.279530460804935 ] } },
{ "type": "Feature", "properties": { "site_id": "data/raw/naip_tiles_pc_4band_v2/site_0301.tif", "farm_name": "Kris Cohee/Earl Cohee Farm", "county": "Caroline", "species_group": "broiler", "animal_type": "chickens_not_laying_hens", "headcount": 138000, "buildings": 3, "floor_area_m2": 5976.0, "registry_point_distance_m": 179.0, "lat": 38.828147, "lon": -75.756858, "maps_url": "https://www.google.com/maps/@38.828147,-75.756858,600m/data=!3m1!1e3" }, "geometry": { "type": "Point", "coordinates": [ -75.756858173273699, 38.828146697305705 ] } },
{ "type": "Feature", "properties": { "site_id": "data/raw/naip_tiles_pc_4band_v2/site_0052.tif", "farm_name": "Brock Johnson", "county": "Caroline", "species_group": "broiler", "animal_type": "chickens_not_laying_hens", "headcount": 59000, "buildings": 3, "floor_area_m2": 2457.0, "registry_point_distance_m": 325.0, "lat": 38.71109, "lon": -75.937945, "maps_url": "https://www.google.com/maps/@38.71109,-75.937945,600m/data=!3m1!1e3" }, "geometry": { "type": "Point", "coordinates": [ -75.937945252778263, 38.711089831223397 ] } },
{ "type": "Feature", "properties": { "site_id": "data/raw/naip_tiles_pc_4band_v2/site_0043.tif", "farm_name": "Rondeb Family Farm, LLC/Deborah D. Love", "county": "Caroline", "species_group": "broiler", "animal_type": "chickens_not_laying_hens", "headcount": 50000, "buildings": 3, "floor_area_m2": 3357.0, "registry_point_distance_m": 129.0, "lat": 38.806857, "lon": -75.802017, "maps_url": "https://www.google.com/maps/@38.806857,-75.802017,600m/data=!3m1!1e3" }, "geometry": { "type": "Point", "coordinates": [ -75.802017468403392, 38.806857319060349 ] } },
{ "type": "Feature", "properties": { "site_id": "data/raw/naip_tiles_pc_4band_v2/site_0206.tif", "farm_name": "Sabrina Fishell", "county": "Caroline", "species_group": "broiler", "animal_type": "chickens_not_laying_hens", "headcount": 70000, "buildings": 3, "floor_area_m2": 8440.0, "registry_point_distance_m": 180.0, "lat": 38.765584, "lon": -75.822125, "maps_url": "https://www.google.com/maps/@38.765584,-75.822125,600m/data=!3m1!1e3" }, "geometry": { "type": "Point", "coordinates": [ -75.822124677213139, 38.765584043789794 ] } },
{ "type": "Feature", "properties": { "site_id": "data/raw/naip_tiles_pc_4band_v2/site_0032.tif", "farm_name": "William Robinson/R Place Farm", "county": "Queen Anne's", "species_group": "broiler", "animal_type": "chickens_not_laying_hens", "headcount": 306300, "buildings": 3, "floor_area_m2": 10815.0, "registry_point_distance_m": 33.0, "lat": 39.133902, "lon": -75.909875, "maps_url": "https://www.google.com/maps/@39.133902,-75.909875,600m/data=!3m1!1e3" }, "geometry": { "type": "Point", "coordinates": [ -75.909875109305489, 39.133901637037226 ] } },
{ "type": "Feature", "properties": { "site_id": "data/raw/naip_tiles_pc_4band_v2/site_0059.tif", "farm_name": "Katie Frase/Worm Farm", "county": "Caroline", "species_group": "broiler", "animal_type": "chickens_not_laying_hens", "headcount": 75000, "buildings": 3, "floor_area_m2": 6661.0, "registry_point_distance_m": 169.0, "lat": 38.788034, "lon": -75.907539, "maps_url": "https://www.google.com/maps/@38.788034,-75.907539,600m/data=!3m1!1e3" }, "geometry": { "type": "Point", "coordinates": [ -75.907539119287037, 38.788034366544622 ] } },
{ "type": "Feature", "properties": { "site_id": "data/raw/naip_tiles_pc_4band_v2/site_0029.tif", "farm_name": "John Cannon/Stowman Farm", "county": "Queen Anne's", "species_group": "broiler", "animal_type": "chickens_not_laying_hens", "headcount": 121200, "buildings": 3, "floor_area_m2": 10291.0, "registry_point_distance_m": 252.0, "lat": 39.086871, "lon": -76.055032, "maps_url": "https://www.google.com/maps/@39.086871,-76.055032,600m/data=!3m1!1e3" }, "geometry": { "type": "Point", "coordinates": [ -76.055032053857261, 39.086871275673118 ] } },
{ "type": "Feature", "properties": { "site_id": "data/raw/naip_tiles_pc_4band_v2/site_0026.tif", "farm_name": "Robert W. McCormick/Sandy Brae Farm", "county": "Queen Anne's", "species_group": "broiler", "animal_type": "chickens_not_laying_hens", "headcount": 90000, "buildings": 3, "floor_area_m2": 6876.0, "registry_point_distance_m": 360.0, "lat": 39.150929, "lon": -75.774964, "maps_url": "https://www.google.com/maps/@39.150929,-75.774964,600m/data=!3m1!1e3" }, "geometry": { "type": "Point", "coordinates": [ -75.774964121772229, 39.150928544781266 ] } },
{ "type": "Feature", "properties": { "site_id": "data/raw/naip_tiles_pc_4band_v2/site_0023.tif", "farm_name": "Serenity Farm", "county": "Queen Anne's", "species_group": "broiler", "animal_type": "chickens_not_laying_hens", "headcount": 98800, "buildings": 3, "floor_area_m2": 7041.0, "registry_point_distance_m": 282.0, "lat": 39.028516, "lon": -76.122783, "maps_url": "https://www.google.com/maps/@39.028516,-76.122783,600m/data=!3m1!1e3" }, "geometry": { "type": "Point", "coordinates": [ -76.1227833145158, 39.028515800929689 ] } },
{ "type": "Feature", "properties": { "site_id": "data/raw/naip_tiles_pc_4band_v2/site_0166.tif", "farm_name": "Cobb Heritage LLC/Pocomoke Farm #4", "county": "Worcester", "species_group": "poultry_other", "animal_type": "laying_hens_dry_manure", "headcount": 61500, "buildings": 3, "floor_area_m2": 4835.0, "registry_point_distance_m": 227.0, "lat": 38.165204, "lon": -75.539805, "maps_url": "https://www.google.com/maps/@38.165204,-75.539805,600m/data=!3m1!1e3" }, "geometry": { "type": "Point", "coordinates": [ -75.539805387975491, 38.165203686785937 ] } },
{ "type": "Feature", "properties": { "site_id": "data/raw/naip_tiles_pc_4band_v2/site_0330.tif", "farm_name": "Donald Howard/Donald Howard Farm", "county": "Somerset", "species_group": "broiler", "animal_type": "chickens_not_laying_hens", "headcount": 75000, "buildings": 3, "floor_area_m2": 4675.0, "registry_point_distance_m": 144.0, "lat": 38.019992, "lon": -75.808324, "maps_url": "https://www.google.com/maps/@38.019992,-75.808324,600m/data=!3m1!1e3" }, "geometry": { "type": "Point", "coordinates": [ -75.808323582633264, 38.01999215134304 ] } },
{ "type": "Feature", "properties": { "site_id": "data/raw/naip_tiles_pc_4band_v2/site_0353.tif", "farm_name": "William Beauchamp, III", "county": "Worcester", "species_group": "broiler", "animal_type": "chickens_not_laying_hens", "headcount": 70000, "buildings": 3, "floor_area_m2": 5560.0, "registry_point_distance_m": 224.0, "lat": 38.081455, "lon": -75.617913, "maps_url": "https://www.google.com/maps/@38.081455,-75.617913,600m/data=!3m1!1e3" }, "geometry": { "type": "Point", "coordinates": [ -75.617913384568183, 38.081455233717989 ] } },
{ "type": "Feature", "properties": { "site_id": "data/raw/naip_tiles_pc_4band_v2/site_0388.tif", "farm_name": "Clay R. Littleton/Wide Loop Farm", "county": "Wicomico", "species_group": "broiler", "animal_type": "chickens_not_laying_hens", "headcount": 70500, "buildings": 3, "floor_area_m2": 2361.0, "registry_point_distance_m": 163.0, "lat": 38.424388, "lon": -75.336282, "maps_url": "https://www.google.com/maps/@38.424388,-75.336282,600m/data=!3m1!1e3" }, "geometry": { "type": "Point", "coordinates": [ -75.336282277337588, 38.424388330733507 ] } },
{ "type": "Feature", "properties": { "site_id": "data/raw/naip_tiles_pc_4band_v2/site_0335.tif", "farm_name": "Robert Messner", "county": "Caroline", "species_group": "broiler", "animal_type": "chickens_not_laying_hens", "headcount": 56000, "buildings": 3, "floor_area_m2": 6852.0, "registry_point_distance_m": 912.0, "lat": 39.109729, "lon": -75.772386, "maps_url": "https://www.google.com/maps/@39.109729,-75.772386,600m/data=!3m1!1e3" }, "geometry": { "type": "Point", "coordinates": [ -75.772386496400841, 39.109729391973254 ] } },
{ "type": "Feature", "properties": { "site_id": "data/raw/naip_tiles_pc_4band_v2/site_0197.tif", "farm_name": "James Byron Beauchamp", "county": "Somerset", "species_group": "broiler", "animal_type": "chickens_not_laying_hens", "headcount": 95000, "buildings": 3, "floor_area_m2": 3795.0, "registry_point_distance_m": 312.0, "lat": 38.129646, "lon": -75.577989, "maps_url": "https://www.google.com/maps/@38.129646,-75.577989,600m/data=!3m1!1e3" }, "geometry": { "type": "Point", "coordinates": [ -75.57798851942303, 38.129645796509514 ] } },
{ "type": "Feature", "properties": { "site_id": "data/raw/naip_tiles_pc_4band_v2/site_0343.tif", "farm_name": "Van Boi", "county": "Dorchester", "species_group": "broiler", "animal_type": "chickens_not_laying_hens", "headcount": 113200, "buildings": 3, "floor_area_m2": 4957.0, "registry_point_distance_m": 472.0, "lat": 38.584086, "lon": -75.782665, "maps_url": "https://www.google.com/maps/@38.584086,-75.782665,600m/data=!3m1!1e3" }, "geometry": { "type": "Point", "coordinates": [ -75.782665222225361, 38.584085572509565 ] } },
{ "type": "Feature", "properties": { "site_id": "data/raw/naip_tiles_pc_4band_v2/site_0195.tif", "farm_name": "Harry Nagel", "county": "Caroline", "species_group": "broiler", "animal_type": "chickens_not_laying_hens", "headcount": 48000, "buildings": 3, "floor_area_m2": 4860.0, "registry_point_distance_m": 177.0, "lat": 38.730206, "lon": -75.809018, "maps_url": "https://www.google.com/maps/@38.730206,-75.809018,600m/data=!3m1!1e3" }, "geometry": { "type": "Point", "coordinates": [ -75.809018309176977, 38.730205508839241 ] } },
{ "type": "Feature", "properties": { "site_id": "data/raw/naip_tiles_pc_4band_v2/site_0009.tif", "farm_name": "Marvin Callahan/Bartlett Farm", "county": "Queen Anne's", "species_group": "broiler", "animal_type": "chickens_not_laying_hens", "headcount": 65000, "buildings": 3, "floor_area_m2": 4314.0, "registry_point_distance_m": 131.0, "lat": 38.940213, "lon": -76.032412, "maps_url": "https://www.google.com/maps/@38.940213,-76.032412,600m/data=!3m1!1e3" }, "geometry": { "type": "Point", "coordinates": [ -76.032411994606974, 38.940213165412494 ] } },
{ "type": "Feature", "properties": { "site_id": "data/raw/naip_tiles_pc_4band_v2/site_0054.tif", "farm_name": "Mark S. Callahan", "county": "Caroline", "species_group": "broiler", "animal_type": "chickens_not_laying_hens", "headcount": 57900, "buildings": 3, "floor_area_m2": 5198.0, "registry_point_distance_m": 144.0, "lat": 38.921549, "lon": -75.900539, "maps_url": "https://www.google.com/maps/@38.921549,-75.900539,600m/data=!3m1!1e3" }, "geometry": { "type": "Point", "coordinates": [ -75.90053873743544, 38.921549025794377 ] } },
{ "type": "Feature", "properties": { "site_id": "data/raw/naip_tiles_pc_4band_v2/site_0093.tif", "farm_name": "Joseph Parmer", "county": "Caroline", "species_group": "broiler", "animal_type": "chickens_not_laying_hens", "headcount": 56000, "buildings": 3, "floor_area_m2": 4116.0, "registry_point_distance_m": 142.0, "lat": 38.741346, "lon": -75.908721, "maps_url": "https://www.google.com/maps/@38.741346,-75.908721,600m/data=!3m1!1e3" }, "geometry": { "type": "Point", "coordinates": [ -75.908721054691085, 38.741346394512654 ] } },
{ "type": "Feature", "properties": { "site_id": "data/raw/naip_tiles_pc_4band_v2/site_0103.tif", "farm_name": "Chaudhry Farm, LLC/Pervaiz Akhtar", "county": "Somerset", "species_group": "broiler", "animal_type": "chickens_not_laying_hens", "headcount": 92400, "buildings": 3, "floor_area_m2": 6564.0, "registry_point_distance_m": 179.0, "lat": 38.069087, "lon": -75.695319, "maps_url": "https://www.google.com/maps/@38.069087,-75.695319,600m/data=!3m1!1e3" }, "geometry": { "type": "Point", "coordinates": [ -75.695319232892075, 38.069086817962202 ] } },
{ "type": "Feature", "properties": { "site_id": "data/raw/naip_tiles_pc_4band_v2/site_0163.tif", "farm_name": "R & S Farm Operations LLC/Swamp Farm", "county": "Worcester", "species_group": "broiler", "animal_type": "chickens_not_laying_hens", "headcount": 100000, "buildings": 3, "floor_area_m2": 4429.0, "registry_point_distance_m": 120.0, "lat": 38.44331, "lon": -75.286997, "maps_url": "https://www.google.com/maps/@38.44331,-75.286997,600m/data=!3m1!1e3" }, "geometry": { "type": "Point", "coordinates": [ -75.286996877209205, 38.443309507648685 ] } },
{ "type": "Feature", "properties": { "site_id": "data/raw/naip_tiles_pc_4band_v2/site_0384.tif", "farm_name": "Clifton G Taylor III/Third and Dead End Farms", "county": "Somerset", "species_group": "broiler", "animal_type": "chickens_not_laying_hens", "headcount": 108000, "buildings": 3, "floor_area_m2": 5856.0, "registry_point_distance_m": 542.0, "lat": 38.074604, "lon": -75.701592, "maps_url": "https://www.google.com/maps/@38.074604,-75.701592,600m/data=!3m1!1e3" }, "geometry": { "type": "Point", "coordinates": [ -75.701592192234742, 38.074604038994018 ] } },
{ "type": "Feature", "properties": { "site_id": "data/raw/naip_tiles_pc_4band_v2/site_0397.tif", "farm_name": "Brooks Brittingham/B & K Farm", "county": "Worcester", "species_group": "broiler", "animal_type": "chickens_not_laying_hens", "headcount": 120000, "buildings": 3, "floor_area_m2": 7569.0, "registry_point_distance_m": 234.0, "lat": 38.299658, "lon": -75.332918, "maps_url": "https://www.google.com/maps/@38.299658,-75.332918,600m/data=!3m1!1e3" }, "geometry": { "type": "Point", "coordinates": [ -75.332917860633941, 38.29965812306795 ] } },
{ "type": "Feature", "properties": { "site_id": "data/raw/naip_tiles_pc_4band_v2/site_0101.tif", "farm_name": "S.H.L. Anderson Inc.", "county": "Somerset", "species_group": "broiler", "animal_type": "chickens_not_laying_hens", "headcount": 65400, "buildings": 3, "floor_area_m2": 6476.0, "registry_point_distance_m": 36.0, "lat": 38.196737, "lon": -75.804524, "maps_url": "https://www.google.com/maps/@38.196737,-75.804524,600m/data=!3m1!1e3" }, "geometry": { "type": "Point", "coordinates": [ -75.804524328847322, 38.196737494755268 ] } },
{ "type": "Feature", "properties": { "site_id": "data/raw/naip_tiles_pc_4band_v2/site_0268.tif", "farm_name": "Mohammad Iqbal/Pinewood Ranch", "county": "Worcester", "species_group": "broiler", "animal_type": "chickens_not_laying_hens", "headcount": 240000, "buildings": 3, "floor_area_m2": 6382.0, "registry_point_distance_m": 479.0, "lat": 38.166323, "lon": -75.445331, "maps_url": "https://www.google.com/maps/@38.166323,-75.445331,600m/data=!3m1!1e3" }, "geometry": { "type": "Point", "coordinates": [ -75.445330828970924, 38.166322921201704 ] } },
{ "type": "Feature", "properties": { "site_id": "data/raw/naip_tiles_pc_4band_v2/site_0266.tif", "farm_name": "Jon Sewell/Tuscarora Farms", "county": "Frederick", "species_group": "poultry_other", "animal_type": "turkeys", "headcount": 46000, "buildings": 3, "floor_area_m2": 8541.0, "registry_point_distance_m": 311.0, "lat": 39.258747, "lon": -77.481477, "maps_url": "https://www.google.com/maps/@39.258747,-77.481477,600m/data=!3m1!1e3" }, "geometry": { "type": "Point", "coordinates": [ -77.481477082840854, 39.258747366840566 ] } },
{ "type": "Feature", "properties": { "site_id": "data/raw/naip_tiles_pc_4band_v2/site_0265.tif", "farm_name": "Phuong Tran/Blue Bonnet Farm", "county": "Wicomico", "species_group": "broiler", "animal_type": "chickens_not_laying_hens", "headcount": 110000, "buildings": 3, "floor_area_m2": 6436.0, "registry_point_distance_m": 952.0, "lat": 38.292595, "lon": -75.65192, "maps_url": "https://www.google.com/maps/@38.292595,-75.65192,600m/data=!3m1!1e3" }, "geometry": { "type": "Point", "coordinates": [ -75.651920077602256, 38.292595321290833 ] } },
{ "type": "Feature", "properties": { "site_id": "data/raw/naip_tiles_pc_4band_v2/site_0363.tif", "farm_name": "Dustin Calloway/Salt Life Farm", "county": "Wicomico", "species_group": "broiler", "animal_type": "chickens_not_laying_hens", "headcount": 72000, "buildings": 3, "floor_area_m2": 3246.0, "registry_point_distance_m": 663.0, "lat": 38.414875, "lon": -75.803487, "maps_url": "https://www.google.com/maps/@38.414875,-75.803487,600m/data=!3m1!1e3" }, "geometry": { "type": "Point", "coordinates": [ -75.803487363632186, 38.41487524921483 ] } },
{ "type": "Feature", "properties": { "site_id": "data/raw/naip_tiles_pc_4band_v2/site_0234.tif", "farm_name": "Rowland Farms, LLC", "county": "Worcester", "species_group": "broiler", "animal_type": "chickens_not_laying_hens", "headcount": 95000, "buildings": 3, "floor_area_m2": 8325.0, "registry_point_distance_m": 229.0, "lat": 38.022784, "lon": -75.388371, "maps_url": "https://www.google.com/maps/@38.022784,-75.388371,600m/data=!3m1!1e3" }, "geometry": { "type": "Point", "coordinates": [ -75.388370633304817, 38.022784040090166 ] } },
{ "type": "Feature", "properties": { "site_id": "data/raw/naip_tiles_pc_4band_v2/site_0098.tif", "farm_name": "Dylan Patterson/Dylan Patterson Farm", "county": "Caroline", "species_group": "broiler", "animal_type": "chickens_not_laying_hens", "headcount": 84900, "buildings": 3, "floor_area_m2": 6950.0, "registry_point_distance_m": 173.0, "lat": 39.080284, "lon": -75.772528, "maps_url": "https://www.google.com/maps/@39.080284,-75.772528,600m/data=!3m1!1e3" }, "geometry": { "type": "Point", "coordinates": [ -75.772527992612325, 39.080283816157248 ] } },
{ "type": "Feature", "properties": { "site_id": "data/raw/naip_tiles_pc_4band_v2/site_0256.tif", "farm_name": "Adam Stanley Farm", "county": "Somerset", "species_group": "broiler", "animal_type": "chickens_not_laying_hens", "headcount": 46000, "buildings": 3, "floor_area_m2": 4928.0, "registry_point_distance_m": 312.0, "lat": 38.030271, "lon": -75.814407, "maps_url": "https://www.google.com/maps/@38.030271,-75.814407,600m/data=!3m1!1e3" }, "geometry": { "type": "Point", "coordinates": [ -75.814407442586329, 38.030270601872793 ] } },
{ "type": "Feature", "properties": { "site_id": "data/raw/naip_tiles_pc_4band_v2/site_0365.tif", "farm_name": "Rantz William Purcell/RWP Farm", "county": "Somerset", "species_group": "broiler", "animal_type": "chickens_not_laying_hens", "headcount": 120000, "buildings": 3, "floor_area_m2": 7578.0, "registry_point_distance_m": 715.0, "lat": 38.151593, "lon": -75.672812, "maps_url": "https://www.google.com/maps/@38.151593,-75.672812,600m/data=!3m1!1e3" }, "geometry": { "type": "Point", "coordinates": [ -75.672811989688412, 38.151593098939856 ] } },
{ "type": "Feature", "properties": { "site_id": "data/raw/naip_tiles_pc_4band_v2/site_0254.tif", "farm_name": "Lance E. Brown / Lance Brown Farm", "county": "Caroline", "species_group": "broiler", "animal_type": "chickens_not_laying_hens", "headcount": 114000, "buildings": 3, "floor_area_m2": 7363.0, "registry_point_distance_m": 136.0, "lat": 38.843603, "lon": -75.748431, "maps_url": "https://www.google.com/maps/@38.843603,-75.748431,600m/data=!3m1!1e3" }, "geometry": { "type": "Point", "coordinates": [ -75.748430655786109, 38.843602831029173 ] } },
{ "type": "Feature", "properties": { "site_id": "data/raw/naip_tiles_pc_4band_v2/site_0091.tif", "farm_name": "Schmick Farms, Inc.", "county": "Caroline", "species_group": "broiler", "animal_type": "chickens_not_laying_hens", "headcount": 57600, "buildings": 3, "floor_area_m2": 4927.0, "registry_point_distance_m": 257.0, "lat": 38.69843, "lon": -75.925879, "maps_url": "https://www.google.com/maps/@38.69843,-75.925879,600m/data=!3m1!1e3" }, "geometry": { "type": "Point", "coordinates": [ -75.925878636687528, 38.698430160582653 ] } },
{ "type": "Feature", "properties": { "site_id": "data/raw/naip_tiles_pc_4band_v2/site_0251.tif", "farm_name": "Luan Ngoc Nguyen", "county": "Somerset", "species_group": "broiler", "animal_type": "chickens_not_laying_hens", "headcount": 156000, "buildings": 3, "floor_area_m2": 5802.0, "registry_point_distance_m": 79.0, "lat": 38.210306, "lon": -75.583187, "maps_url": "https://www.google.com/maps/@38.210306,-75.583187,600m/data=!3m1!1e3" }, "geometry": { "type": "Point", "coordinates": [ -75.583187433447478, 38.210305613608199 ] } },
{ "type": "Feature", "properties": { "site_id": "data/raw/naip_tiles_pc_4band_v2/site_0250.tif", "farm_name": "Justin Humphreys/Rizzi's Roost", "county": "Somerset", "species_group": "broiler", "animal_type": "chickens_not_laying_hens", "headcount": 69000, "buildings": 3, "floor_area_m2": 5007.0, "registry_point_distance_m": 320.0, "lat": 38.144503, "lon": -75.658049, "maps_url": "https://www.google.com/maps/@38.144503,-75.658049,600m/data=!3m1!1e3" }, "geometry": { "type": "Point", "coordinates": [ -75.658049397636091, 38.144502882108902 ] } },
{ "type": "Feature", "properties": { "site_id": "data/raw/naip_tiles_pc_4band_v2/site_0400.tif", "farm_name": "Jason Dryden Farms, Inc./William Jason Dryden", "county": "Somerset", "species_group": "broiler", "animal_type": "chickens_not_laying_hens", "headcount": 115000, "buildings": 3, "floor_area_m2": 9844.0, "registry_point_distance_m": 229.0, "lat": 38.070263, "lon": -75.660534, "maps_url": "https://www.google.com/maps/@38.070263,-75.660534,600m/data=!3m1!1e3" }, "geometry": { "type": "Point", "coordinates": [ -75.660534124078893, 38.07026259521411 ] } },
{ "type": "Feature", "properties": { "site_id": "data/raw/naip_tiles_pc_4band_v2/site_0080.tif", "farm_name": "Lloyd Gaugler Sr./Kanalat Farm", "county": "Caroline", "species_group": "broiler", "animal_type": "chickens_not_laying_hens", "headcount": 78000, "buildings": 3, "floor_area_m2": 4481.0, "registry_point_distance_m": 178.0, "lat": 38.719143, "lon": -75.774021, "maps_url": "https://www.google.com/maps/@38.719143,-75.774021,600m/data=!3m1!1e3" }, "geometry": { "type": "Point", "coordinates": [ -75.774020908136464, 38.719142851912316 ] } },
{ "type": "Feature", "properties": { "site_id": "data/raw/naip_tiles_pc_4band_v2/site_0278.tif", "farm_name": "Marbeth Farm, LLC/David M. Clark III", "county": "Queen Anne's", "species_group": "broiler", "animal_type": "chickens_not_laying_hens", "headcount": 73000, "buildings": 3, "floor_area_m2": 6324.0, "registry_point_distance_m": 421.0, "lat": 39.108897, "lon": -75.907205, "maps_url": "https://www.google.com/maps/@39.108897,-75.907205,600m/data=!3m1!1e3" }, "geometry": { "type": "Point", "coordinates": [ -75.907205178291079, 39.108897390247421 ] } },
{ "type": "Feature", "properties": { "site_id": "data/raw/naip_tiles_pc_4band_v2/site_0064.tif", "farm_name": "Kevin Russell Fishell/K-Russ Farm", "county": "Caroline", "species_group": "broiler", "animal_type": "chickens_not_laying_hens", "headcount": 66000, "buildings": 3, "floor_area_m2": 6611.0, "registry_point_distance_m": 100.0, "lat": 38.759033, "lon": -75.806329, "maps_url": "https://www.google.com/maps/@38.759033,-75.806329,600m/data=!3m1!1e3" }, "geometry": { "type": "Point", "coordinates": [ -75.806329300530976, 38.759033077552083 ] } },
{ "type": "Feature", "properties": { "site_id": "data/raw/naip_tiles_pc_4band_v2/site_0295.tif", "farm_name": "Chasin Dreams Farm", "county": "Queen Anne's", "species_group": "unknown", "animal_type": "unknown", "headcount": 0, "buildings": 3, "floor_area_m2": 11226.0, "registry_point_distance_m": 142.0, "lat": 39.124623, "lon": -75.905506, "maps_url": "https://www.google.com/maps/@39.124623,-75.905506,600m/data=!3m1!1e3" }, "geometry": { "type": "Point", "coordinates": [ -75.905506083966984, 39.124623115545226 ] } },
{ "type": "Feature", "properties": { "site_id": "data/raw/naip_tiles_pc_4band_v2/site_0294.tif", "farm_name": "Justin Humphreys/Humphreys Farms, LLC", "county": "Somerset", "species_group": "broiler", "animal_type": "chickens_not_laying_hens", "headcount": 65000, "buildings": 3, "floor_area_m2": 4390.0, "registry_point_distance_m": 32.0, "lat": 38.166715, "lon": -75.624061, "maps_url": "https://www.google.com/maps/@38.166715,-75.624061,600m/data=!3m1!1e3" }, "geometry": { "type": "Point", "coordinates": [ -75.624061195025021, 38.166715336005218 ] } },
{ "type": "Feature", "properties": { "site_id": "data/raw/naip_tiles_pc_4band_v2/site_0110.tif", "farm_name": "Smithville View Farm LLC", "county": "Caroline", "species_group": "broiler", "animal_type": "chickens_not_laying_hens", "headcount": 121800, "buildings": 3, "floor_area_m2": 6775.0, "registry_point_distance_m": 217.0, "lat": 38.777331, "lon": -75.750702, "maps_url": "https://www.google.com/maps/@38.777331,-75.750702,600m/data=!3m1!1e3" }, "geometry": { "type": "Point", "coordinates": [ -75.750701967915091, 38.777330908351573 ] } },
{ "type": "Feature", "properties": { "site_id": "data/raw/naip_tiles_pc_4band_v2/site_0292.tif", "farm_name": "Greg Harris Farm", "county": "Caroline", "species_group": "broiler", "animal_type": "chickens_not_laying_hens", "headcount": 140400, "buildings": 3, "floor_area_m2": 4351.0, "registry_point_distance_m": 176.0, "lat": 38.792215, "lon": -75.75714, "maps_url": "https://www.google.com/maps/@38.792215,-75.75714,600m/data=!3m1!1e3" }, "geometry": { "type": "Point", "coordinates": [ -75.757140334599725, 38.792214882791427 ] } },
{ "type": "Feature", "properties": { "site_id": "data/raw/naip_tiles_pc_4band_v2/site_0290.tif", "farm_name": "Shane Cohee", "county": "Dorchester", "species_group": "broiler", "animal_type": "chickens_not_laying_hens", "headcount": 135000, "buildings": 3, "floor_area_m2": 9064.0, "registry_point_distance_m": 297.0, "lat": 38.693209, "lon": -75.862273, "maps_url": "https://www.google.com/maps/@38.693209,-75.862273,600m/data=!3m1!1e3" }, "geometry": { "type": "Point", "coordinates": [ -75.862273470351866, 38.693209340205868 ] } },
{ "type": "Feature", "properties": { "site_id": "data/raw/naip_tiles_pc_4band_v2/site_0395.tif", "farm_name": "Kathy A. Green/Fulton Acres Farm", "county": "Somerset", "species_group": "broiler", "animal_type": "chickens_not_laying_hens", "headcount": 78000, "buildings": 3, "floor_area_m2": 6127.0, "registry_point_distance_m": 107.0, "lat": 38.157961, "lon": -75.665109, "maps_url": "https://www.google.com/maps/@38.157961,-75.665109,600m/data=!3m1!1e3" }, "geometry": { "type": "Point", "coordinates": [ -75.665109395417161, 38.157960825928846 ] } },
{ "type": "Feature", "properties": { "site_id": "data/raw/naip_tiles_pc_4band_v2/site_0060.tif", "farm_name": "George Bowman/Hidden River Farm", "county": "Caroline", "species_group": "broiler", "animal_type": "chickens_not_laying_hens", "headcount": 65000, "buildings": 3, "floor_area_m2": 4457.0, "registry_point_distance_m": 162.0, "lat": 38.94262, "lon": -75.821837, "maps_url": "https://www.google.com/maps/@38.94262,-75.821837,600m/data=!3m1!1e3" }, "geometry": { "type": "Point", "coordinates": [ -75.821836508974641, 38.94262002167104 ] } },
{ "type": "Feature", "properties": { "site_id": "data/raw/naip_tiles_pc_4band_v2/site_0283.tif", "farm_name": "Andrew F. Jones/ Jones Farm", "county": "Wicomico", "species_group": "broiler", "animal_type": "chickens_not_laying_hens", "headcount": 120000, "buildings": 3, "floor_area_m2": 11507.0, "registry_point_distance_m": 272.0, "lat": 38.336364, "lon": -75.358293, "maps_url": "https://www.google.com/maps/@38.336364,-75.358293,600m/data=!3m1!1e3" }, "geometry": { "type": "Point", "coordinates": [ -75.358293414423414, 38.336363555754239 ] } },
{ "type": "Feature", "properties": { "site_id": "data/raw/naip_tiles_pc_4band_v2/site_0068.tif", "farm_name": "James Donald Dulin", "county": "Caroline", "species_group": "broiler", "animal_type": "chickens_not_laying_hens", "headcount": 57600, "buildings": 3, "floor_area_m2": 4931.0, "registry_point_distance_m": 113.0, "lat": 38.783272, "lon": -75.790005, "maps_url": "https://www.google.com/maps/@38.783272,-75.790005,600m/data=!3m1!1e3" }, "geometry": { "type": "Point", "coordinates": [ -75.790005080590262, 38.783272310870295 ] } },
{ "type": "Feature", "properties": { "site_id": "data/raw/naip_tiles_pc_4band_v2/site_0070.tif", "farm_name": "James Gargani", "county": "Caroline", "species_group": "broiler", "animal_type": "chickens_not_laying_hens", "headcount": 99900, "buildings": 3, "floor_area_m2": 5997.0, "registry_point_distance_m": 366.0, "lat": 38.759656, "lon": -75.779254, "maps_url": "https://www.google.com/maps/@38.759656,-75.779254,600m/data=!3m1!1e3" }, "geometry": { "type": "Point", "coordinates": [ -75.779254206806513, 38.759655536587275 ] } },
{ "type": "Feature", "properties": { "site_id": "data/raw/naip_tiles_pc_4band_v2/site_0071.tif", "farm_name": "Christopher D. Harris/Home Farm", "county": "Caroline", "species_group": "broiler", "animal_type": "chickens_not_laying_hens", "headcount": 57200, "buildings": 3, "floor_area_m2": 3963.0, "registry_point_distance_m": 161.0, "lat": 39.107407, "lon": -75.800999, "maps_url": "https://www.google.com/maps/@39.107407,-75.800999,600m/data=!3m1!1e3" }, "geometry": { "type": "Point", "coordinates": [ -75.800999116028876, 39.107406678176055 ] } },
{ "type": "Feature", "properties": { "site_id": "data/raw/naip_tiles_pc_4band_v2/site_0389.tif", "farm_name": "Ryan S. Rhodes", "county": "Queen Anne's", "species_group": "broiler", "animal_type": "chickens_not_laying_hens", "headcount": 102400, "buildings": 2, "floor_area_m2": 2779.0, "registry_point_distance_m": 530.0, "lat": 39.094465, "lon": -76.019859, "maps_url": "https://www.google.com/maps/@39.094465,-76.019859,600m/data=!3m1!1e3" }, "geometry": { "type": "Point", "coordinates": [ -76.019858699828205, 39.094464973620617 ] } },
{ "type": "Feature", "properties": { "site_id": "data/raw/naip_tiles_pc_4band_v2/site_0371.tif", "farm_name": "Corner Haven Farms, LLC", "county": "Caroline", "species_group": "broiler", "animal_type": "chickens_not_laying_hens", "headcount": 65600, "buildings": 2, "floor_area_m2": 3227.0, "registry_point_distance_m": 309.0, "lat": 38.955924, "lon": -75.764571, "maps_url": "https://www.google.com/maps/@38.955924,-75.764571,600m/data=!3m1!1e3" }, "geometry": { "type": "Point", "coordinates": [ -75.764571087522796, 38.955923608807183 ] } },
{ "type": "Feature", "properties": { "site_id": "data/raw/naip_tiles_pc_4band_v2/site_0358.tif", "farm_name": "Rockawalkin Ridge Road LLC", "county": "Wicomico", "species_group": "broiler", "animal_type": "chickens_not_laying_hens", "headcount": 90000, "buildings": 2, "floor_area_m2": 6188.0, "registry_point_distance_m": 60.0, "lat": 38.398397, "lon": -75.646093, "maps_url": "https://www.google.com/maps/@38.398397,-75.646093,600m/data=!3m1!1e3" }, "geometry": { "type": "Point", "coordinates": [ -75.646093154136011, 38.398396538533014 ] } },
{ "type": "Feature", "properties": { "site_id": "data/raw/naip_tiles_pc_4band_v2/site_0380.tif", "farm_name": "Mark Eck/Dad's Farm", "county": "Caroline", "species_group": "broiler", "animal_type": "chickens_not_laying_hens", "headcount": 71000, "buildings": 2, "floor_area_m2": 4704.0, "registry_point_distance_m": 593.0, "lat": 39.056572, "lon": -75.889388, "maps_url": "https://www.google.com/maps/@39.056572,-75.889388,600m/data=!3m1!1e3" }, "geometry": { "type": "Point", "coordinates": [ -75.88938808150526, 39.05657154174942 ] } },
{ "type": "Feature", "properties": { "site_id": "data/raw/naip_tiles_pc_4band_v2/site_0376.tif", "farm_name": "Trina North/Tycon Farm", "county": "Caroline", "species_group": "broiler", "animal_type": "chickens_not_laying_hens", "headcount": 63200, "buildings": 2, "floor_area_m2": 3066.0, "registry_point_distance_m": 311.0, "lat": 38.70471, "lon": -75.953732, "maps_url": "https://www.google.com/maps/@38.70471,-75.953732,600m/data=!3m1!1e3" }, "geometry": { "type": "Point", "coordinates": [ -75.953731681746262, 38.704710155034526 ] } },
{ "type": "Feature", "properties": { "site_id": "data/raw/naip_tiles_pc_4band_v2/site_0378.tif", "farm_name": "Bonnie Lewis/A & B Lewis, LLC.", "county": "Worcester", "species_group": "broiler", "animal_type": "chickens_not_laying_hens", "headcount": 50000, "buildings": 2, "floor_area_m2": 2332.0, "registry_point_distance_m": 125.0, "lat": 38.234368, "lon": -75.314139, "maps_url": "https://www.google.com/maps/@38.234368,-75.314139,600m/data=!3m1!1e3" }, "geometry": { "type": "Point", "coordinates": [ -75.314139163738204, 38.234367969389808 ] } },
{ "type": "Feature", "properties": { "site_id": "data/raw/naip_tiles_pc_4band_v2/site_0390.tif", "farm_name": "Anthony E. Balcerzak Jr./Big Bivalve", "county": "Wicomico", "species_group": "broiler", "animal_type": "chickens_not_laying_hens", "headcount": 38000, "buildings": 2, "floor_area_m2": 2012.0, "registry_point_distance_m": 94.0, "lat": 38.303394, "lon": -75.877053, "maps_url": "https://www.google.com/maps/@38.303394,-75.877053,600m/data=!3m1!1e3" }, "geometry": { "type": "Point", "coordinates": [ -75.877052596236922, 38.303393867424667 ] } },
{ "type": "Feature", "properties": { "site_id": "data/raw/naip_tiles_pc_4band_v2/site_0382.tif", "farm_name": "William T. Calloway III/Double T Farm", "county": "Wicomico", "species_group": "broiler", "animal_type": "chickens_not_laying_hens", "headcount": 63000, "buildings": 2, "floor_area_m2": 6119.0, "registry_point_distance_m": 336.0, "lat": 38.427795, "lon": -75.793117, "maps_url": "https://www.google.com/maps/@38.427795,-75.793117,600m/data=!3m1!1e3" }, "geometry": { "type": "Point", "coordinates": [ -75.793116774173782, 38.427795270430089 ] } },
{ "type": "Feature", "properties": { "site_id": "data/raw/naip_tiles_pc_4band_v2/site_0386.tif", "farm_name": "Eli del Solar/Stepping Stone Farm", "county": "Worcester", "species_group": "broiler", "animal_type": "chickens_not_laying_hens", "headcount": 120000, "buildings": 2, "floor_area_m2": 5237.0, "registry_point_distance_m": 366.0, "lat": 38.286823, "lon": -75.219991, "maps_url": "https://www.google.com/maps/@38.286823,-75.219991,600m/data=!3m1!1e3" }, "geometry": { "type": "Point", "coordinates": [ -75.219991387945868, 38.286822834767548 ] } },
{ "type": "Feature", "properties": { "site_id": "data/raw/naip_tiles_pc_4band_v2/site_0367.tif", "farm_name": "Harry J. West, III/West Acres", "county": "Wicomico", "species_group": "broiler", "animal_type": "chickens_not_laying_hens", "headcount": 42500, "buildings": 2, "floor_area_m2": 3285.0, "registry_point_distance_m": 192.0, "lat": 38.306053, "lon": -75.870345, "maps_url": "https://www.google.com/maps/@38.306053,-75.870345,600m/data=!3m1!1e3" }, "geometry": { "type": "Point", "coordinates": [ -75.870344847481945, 38.306053081789145 ] } },
{ "type": "Feature", "properties": { "site_id": "data/raw/naip_tiles_pc_4band_v2/site_0368.tif", "farm_name": "Kristen Perdue/Answered Prayers Farm", "county": "Wicomico", "species_group": "broiler", "animal_type": "chickens_not_laying_hens", "headcount": 76500, "buildings": 2, "floor_area_m2": 4120.0, "registry_point_distance_m": 186.0, "lat": 38.41627, "lon": -75.38599, "maps_url": "https://www.google.com/maps/@38.41627,-75.38599,600m/data=!3m1!1e3" }, "geometry": { "type": "Point", "coordinates": [ -75.385990212662534, 38.416270411231892 ] } },
{ "type": "Feature", "properties": { "site_id": "data/raw/naip_tiles_pc_4band_v2/site_0359.tif", "farm_name": "Henry Hall/Ginny Lee Farm", "county": "Wicomico", "species_group": "broiler", "animal_type": "chickens_not_laying_hens", "headcount": 65000, "buildings": 2, "floor_area_m2": 3607.0, "registry_point_distance_m": 227.0, "lat": 38.398833, "lon": -75.710496, "maps_url": "https://www.google.com/maps/@38.398833,-75.710496,600m/data=!3m1!1e3" }, "geometry": { "type": "Point", "coordinates": [ -75.710495568101322, 38.39883283179406 ] } },
{ "type": "Feature", "properties": { "site_id": "data/raw/naip_tiles_pc_4band_v2/site_0204.tif", "farm_name": "Michelle Littleton/Bethards Farm", "county": "Worcester", "species_group": "broiler", "animal_type": "chickens_not_laying_hens", "headcount": 72000, "buildings": 2, "floor_area_m2": 4170.0, "registry_point_distance_m": 661.0, "lat": 38.296817, "lon": -75.272976, "maps_url": "https://www.google.com/maps/@38.296817,-75.272976,600m/data=!3m1!1e3" }, "geometry": { "type": "Point", "coordinates": [ -75.27297600518439, 38.296817126555375 ] } },
{ "type": "Feature", "properties": { "site_id": "data/raw/naip_tiles_pc_4band_v2/site_0347.tif", "farm_name": "Cal-Maine Foods, LLC Pullets", "county": "Kent", "species_group": "poultry_other", "animal_type": "laying_hens_dry_manure", "headcount": 352512, "buildings": 2, "floor_area_m2": 3223.0, "registry_point_distance_m": 874.0, "lat": 39.278973, "lon": -75.793384, "maps_url": "https://www.google.com/maps/@39.278973,-75.793384,600m/data=!3m1!1e3" }, "geometry": { "type": "Point", "coordinates": [ -75.793384350988916, 39.278972712305766 ] } },
{ "type": "Feature", "properties": { "site_id": "data/raw/naip_tiles_pc_4band_v2/site_0077.tif", "farm_name": "Dylan Palmatory", "county": "Caroline", "species_group": "broiler", "animal_type": "chickens_not_laying_hens", "headcount": 50000, "buildings": 2, "floor_area_m2": 4237.0, "registry_point_distance_m": 220.0, "lat": 39.038235, "lon": -75.843898, "maps_url": "https://www.google.com/maps/@39.038235,-75.843898,600m/data=!3m1!1e3" }, "geometry": { "type": "Point", "coordinates": [ -75.843898362754999, 39.038234563433058 ] } },
{ "type": "Feature", "properties": { "site_id": "data/raw/naip_tiles_pc_4band_v2/site_0178.tif", "farm_name": "Beverly Farm Partnership/ Arthur Shettle", "county": "Worcester", "species_group": "broiler", "animal_type": "chickens_not_laying_hens", "headcount": 75000, "buildings": 2, "floor_area_m2": 3753.0, "registry_point_distance_m": 338.0, "lat": 38.009355, "lon": -75.616053, "maps_url": "https://www.google.com/maps/@38.009355,-75.616053,600m/data=!3m1!1e3" }, "geometry": { "type": "Point", "coordinates": [ -75.616053179202794, 38.009355024262689 ] } },
{ "type": "Feature", "properties": { "site_id": "data/raw/naip_tiles_pc_4band_v2/site_0168.tif", "farm_name": "David Nuse Sr.", "county": "Worcester", "species_group": "broiler", "animal_type": "chickens_not_laying_hens", "headcount": 75000, "buildings": 2, "floor_area_m2": 5465.0, "registry_point_distance_m": 126.0, "lat": 38.271776, "lon": -75.593473, "maps_url": "https://www.google.com/maps/@38.271776,-75.593473,600m/data=!3m1!1e3" }, "geometry": { "type": "Point", "coordinates": [ -75.593473081663888, 38.271775511116715 ] } },
{ "type": "Feature", "properties": { "site_id": "data/raw/naip_tiles_pc_4band_v2/site_0056.tif", "farm_name": "Martin Cheesman", "county": "Caroline", "species_group": "broiler", "animal_type": "chickens_not_laying_hens", "headcount": 42000, "buildings": 2, "floor_area_m2": 3170.0, "registry_point_distance_m": 134.0, "lat": 38.722558, "lon": -75.816802, "maps_url": "https://www.google.com/maps/@38.722558,-75.816802,600m/data=!3m1!1e3" }, "geometry": { "type": "Point", "coordinates": [ -75.816801946708608, 38.722557735113931 ] } },
{ "type": "Feature", "properties": { "site_id": "data/raw/naip_tiles_pc_4band_v2/site_0157.tif", "farm_name": "Joseph E. Chisholm Jr./Big Mill Pond Farm", "county": "Worcester", "species_group": "broiler", "animal_type": "chickens_not_laying_hens", "headcount": 65400, "buildings": 2, "floor_area_m2": 3557.0, "registry_point_distance_m": 145.0, "lat": 38.020248, "lon": -75.45618, "maps_url": "https://www.google.com/maps/@38.020248,-75.45618,600m/data=!3m1!1e3" }, "geometry": { "type": "Point", "coordinates": [ -75.456179778541639, 38.020248438105426 ] } },
{ "type": "Feature", "properties": { "site_id": "data/raw/naip_tiles_pc_4band_v2/site_0065.tif", "farm_name": "William R. Thomas, Jr./Three Bridges Farm", "county": "Caroline", "species_group": "broiler", "animal_type": "chickens_not_laying_hens", "headcount": 73000, "buildings": 2, "floor_area_m2": 6510.0, "registry_point_distance_m": 122.0, "lat": 38.739391, "lon": -75.816255, "maps_url": "https://www.google.com/maps/@38.739391,-75.816255,600m/data=!3m1!1e3" }, "geometry": { "type": "Point", "coordinates": [ -75.816255172787308, 38.739391058418938 ] } },
{ "type": "Feature", "properties": { "site_id": "data/raw/naip_tiles_pc_4band_v2/site_0147.tif", "farm_name": "Abby's Farm Inc.", "county": "Worcester", "species_group": "broiler", "animal_type": "chickens_not_laying_hens", "headcount": 168800, "buildings": 2, "floor_area_m2": 3964.0, "registry_point_distance_m": 470.0, "lat": 38.078065, "lon": -75.442139, "maps_url": "https://www.google.com/maps/@38.078065,-75.442139,600m/data=!3m1!1e3" }, "geometry": { "type": "Point", "coordinates": [ -75.442139414433498, 38.07806501057847 ] } },
{ "type": "Feature", "properties": { "site_id": "data/raw/naip_tiles_pc_4band_v2/site_0066.tif", "farm_name": "Dale M. Harrison/Harrison Farm", "county": "Caroline", "species_group": "broiler", "animal_type": "chickens_not_laying_hens", "headcount": 38000, "buildings": 2, "floor_area_m2": 2929.0, "registry_point_distance_m": 202.0, "lat": 38.708596, "lon": -75.91909, "maps_url": "https://www.google.com/maps/@38.708596,-75.91909,600m/data=!3m1!1e3" }, "geometry": { "type": "Point", "coordinates": [ -75.91908981925387, 38.708595831890015 ] } },
{ "type": "Feature", "properties": { "site_id": "data/raw/naip_tiles_pc_4band_v2/site_0142.tif", "farm_name": "Clinton W. Davidson/Rejaco Farm", "county": "Worcester", "species_group": "broiler", "animal_type": "chickens_not_laying_hens", "headcount": 120000, "buildings": 2, "floor_area_m2": 1361.0, "registry_point_distance_m": 339.0, "lat": 38.438395, "lon": -75.207045, "maps_url": "https://www.google.com/maps/@38.438395,-75.207045,600m/data=!3m1!1e3" }, "geometry": { "type": "Point", "coordinates": [ -75.207044549639505, 38.438395498050468 ] } },
{ "type": "Feature", "properties": { "site_id": "data/raw/naip_tiles_pc_4band_v2/site_0140.tif", "farm_name": "Billy Tomlinson Jr./Tomlinson Farm", "county": "Wicomico", "species_group": "broiler", "animal_type": "chickens_not_laying_hens", "headcount": 39400, "buildings": 2, "floor_area_m2": 4183.0, "registry_point_distance_m": 615.0, "lat": 38.362781, "lon": -75.476465, "maps_url": "https://www.google.com/maps/@38.362781,-75.476465,600m/data=!3m1!1e3" }, "geometry": { "type": "Point", "coordinates": [ -75.476464948066933, 38.362781029392174 ] } },
{ "type": "Feature", "properties": { "site_id": "data/raw/naip_tiles_pc_4band_v2/site_0073.tif", "farm_name": "Morgan Mill Poultry Houses, LLC/Doris Meredith", "county": "Caroline", "species_group": "broiler", "animal_type": "chickens_not_laying_hens", "headcount": 40000, "buildings": 2, "floor_area_m2": 2308.0, "registry_point_distance_m": 149.0, "lat": 38.750614, "lon": -75.787099, "maps_url": "https://www.google.com/maps/@38.750614,-75.787099,600m/data=!3m1!1e3" }, "geometry": { "type": "Point", "coordinates": [ -75.787098758355313, 38.750613748778775 ] } },
{ "type": "Feature", "properties": { "site_id": "data/raw/naip_tiles_pc_4band_v2/site_0134.tif", "farm_name": "Zeke E. Collins/Penthouse Farm", "county": "Wicomico", "species_group": "broiler", "animal_type": "chickens_not_laying_hens", "headcount": 47000, "buildings": 2, "floor_area_m2": 2450.0, "registry_point_distance_m": 162.0, "lat": 38.441638, "lon": -75.602921, "maps_url": "https://www.google.com/maps/@38.441638,-75.602921,600m/data=!3m1!1e3" }, "geometry": { "type": "Point", "coordinates": [ -75.602921497575608, 38.441638275140278 ] } },
{ "type": "Feature", "properties": { "site_id": "data/raw/naip_tiles_pc_4band_v2/site_0132.tif", "farm_name": "Tim Nguyen/Nguyen Farm", "county": "Wicomico", "species_group": "broiler", "animal_type": "chickens_not_laying_hens", "headcount": 70000, "buildings": 2, "floor_area_m2": 3936.0, "registry_point_distance_m": 54.0, "lat": 38.428102, "lon": -75.497611, "maps_url": "https://www.google.com/maps/@38.428102,-75.497611,600m/data=!3m1!1e3" }, "geometry": { "type": "Point", "coordinates": [ -75.497611026847835, 38.428101607872065 ] } },
{ "type": "Feature", "properties": { "site_id": "data/raw/naip_tiles_pc_4band_v2/site_0125.tif", "farm_name": "Patricia Gordy/Itty Bitty Farm", "county": "Wicomico", "species_group": "broiler", "animal_type": "chickens_not_laying_hens", "headcount": 85300, "buildings": 2, "floor_area_m2": 3143.0, "registry_point_distance_m": 134.0, "lat": 38.344038, "lon": -75.484211, "maps_url": "https://www.google.com/maps/@38.344038,-75.484211,600m/data=!3m1!1e3" }, "geometry": { "type": "Point", "coordinates": [ -75.48421063807335, 38.344037647937718 ] } },
{ "type": "Feature", "properties": { "site_id": "data/raw/naip_tiles_pc_4band_v2/site_0116.tif", "farm_name": "Sung Park/Bethel Farm", "county": "Wicomico", "species_group": "broiler", "animal_type": "chickens_not_laying_hens", "headcount": 72500, "buildings": 2, "floor_area_m2": 3295.0, "registry_point_distance_m": 174.0, "lat": 38.303642, "lon": -75.600523, "maps_url": "https://www.google.com/maps/@38.303642,-75.600523,600m/data=!3m1!1e3" }, "geometry": { "type": "Point", "coordinates": [ -75.600523136198333, 38.303642018363526 ] } },
{ "type": "Feature", "properties": { "site_id": "data/raw/naip_tiles_pc_4band_v2/site_0115.tif", "farm_name": "Conaway Farms, LLC c/o Scott Conaway/Country Comforts", "county": "Wicomico", "species_group": "broiler", "animal_type": "chickens_not_laying_hens", "headcount": 90000, "buildings": 2, "floor_area_m2": 4079.0, "registry_point_distance_m": 198.0, "lat": 38.396673, "lon": -75.502082, "maps_url": "https://www.google.com/maps/@38.396673,-75.502082,600m/data=!3m1!1e3" }, "geometry": { "type": "Point", "coordinates": [ -75.502082109322956, 38.39667301880781 ] } },
{ "type": "Feature", "properties": { "site_id": "data/raw/naip_tiles_pc_4band_v2/site_0113.tif", "farm_name": "Susan Driscoll/Blackwater Farms", "county": "Wicomico", "species_group": "broiler", "animal_type": "chickens_not_laying_hens", "headcount": 62000, "buildings": 2, "floor_area_m2": 3615.0, "registry_point_distance_m": 106.0, "lat": 38.45532, "lon": -75.665797, "maps_url": "https://www.google.com/maps/@38.45532,-75.665797,600m/data=!3m1!1e3" }, "geometry": { "type": "Point", "coordinates": [ -75.66579748035042, 38.455320282490533 ] } },
{ "type": "Feature", "properties": { "site_id": "data/raw/naip_tiles_pc_4band_v2/site_0108.tif", "farm_name": "Aubrey Storm/First Frost Farm", "county": "Talbot", "species_group": "broiler", "animal_type": "chickens_not_laying_hens", "headcount": 47000, "buildings": 2, "floor_area_m2": 4425.0, "registry_point_distance_m": 150.0, "lat": 38.834431, "lon": -76.00284, "maps_url": "https://www.google.com/maps/@38.834431,-76.00284,600m/data=!3m1!1e3" }, "geometry": { "type": "Point", "coordinates": [ -76.002840151099136, 38.834430887246718 ] } },
{ "type": "Feature", "properties": { "site_id": "data/raw/naip_tiles_pc_4band_v2/site_0102.tif", "farm_name": "David Tribbett, Jr./River Road Farm", "county": "Caroline", "species_group": "broiler", "animal_type": "chickens_not_laying_hens", "headcount": 56000, "buildings": 2, "floor_area_m2": 1592.0, "registry_point_distance_m": 166.0, "lat": 38.959669, "lon": -75.855915, "maps_url": "https://www.google.com/maps/@38.959669,-75.855915,600m/data=!3m1!1e3" }, "geometry": { "type": "Point", "coordinates": [ -75.855914867561822, 38.959669375635038 ] } },
{ "type": "Feature", "properties": { "site_id": "data/raw/naip_tiles_pc_4band_v2/site_0096.tif", "farm_name": "Charles Nau, Jr.", "county": "Kent", "species_group": "broiler", "animal_type": "chickens_not_laying_hens", "headcount": 42500, "buildings": 2, "floor_area_m2": 3593.0, "registry_point_distance_m": 192.0, "lat": 39.324608, "lon": -75.966548, "maps_url": "https://www.google.com/maps/@39.324608,-75.966548,600m/data=!3m1!1e3" }, "geometry": { "type": "Point", "coordinates": [ -75.966547974715127, 39.32460794624464 ] } },
{ "type": "Feature", "properties": { "site_id": "data/raw/naip_tiles_pc_4band_v2/site_0196.tif", "farm_name": "Edward Lewton Warren/Motel Chix", "county": "Worcester", "species_group": "broiler", "animal_type": "chickens_not_laying_hens", "headcount": 88400, "buildings": 2, "floor_area_m2": 3046.0, "registry_point_distance_m": 147.0, "lat": 38.320304, "lon": -75.237284, "maps_url": "https://www.google.com/maps/@38.320304,-75.237284,600m/data=!3m1!1e3" }, "geometry": { "type": "Point", "coordinates": [ -75.23728409943898, 38.320304022342633 ] } },
{ "type": "Feature", "properties": { "site_id": "data/raw/naip_tiles_pc_4band_v2/site_0095.tif", "farm_name": "Bobbie Reed/Winterhawk Farm", "county": "Caroline", "species_group": "broiler", "animal_type": "chickens_not_laying_hens", "headcount": 52200, "buildings": 2, "floor_area_m2": 2967.0, "registry_point_distance_m": 206.0, "lat": 38.952653, "lon": -75.764407, "maps_url": "https://www.google.com/maps/@38.952653,-75.764407,600m/data=!3m1!1e3" }, "geometry": { "type": "Point", "coordinates": [ -75.764406823591642, 38.952653230524113 ] } },
{ "type": "Feature", "properties": { "site_id": "data/raw/naip_tiles_pc_4band_v2/site_0212.tif", "farm_name": "C & M Ellingsworth, Inc./Clyde Ellingsworth", "county": "Queen Anne's", "species_group": "broiler", "animal_type": "chickens_not_laying_hens", "headcount": 40000, "buildings": 2, "floor_area_m2": 2587.0, "registry_point_distance_m": 80.0, "lat": 39.247259, "lon": -75.869289, "maps_url": "https://www.google.com/maps/@39.247259,-75.869289,600m/data=!3m1!1e3" }, "geometry": { "type": "Point", "coordinates": [ -75.869288973894754, 39.247259000628667 ] } },
{ "type": "Feature", "properties": { "site_id": "data/raw/naip_tiles_pc_4band_v2/site_0262.tif", "farm_name": "Paul Aaron Hutchison Sr./Home Farm", "county": "Talbot", "species_group": "broiler", "animal_type": "chickens_not_laying_hens", "headcount": 86200, "buildings": 2, "floor_area_m2": 3726.0, "registry_point_distance_m": 684.0, "lat": 38.811209, "lon": -76.02192, "maps_url": "https://www.google.com/maps/@38.811209,-76.02192,600m/data=!3m1!1e3" }, "geometry": { "type": "Point", "coordinates": [ -76.021920211022433, 38.81120862545837 ] } },
{ "type": "Feature", "properties": { "site_id": "data/raw/naip_tiles_pc_4band_v2/site_0015.tif", "farm_name": "Bryan Smith/Mar Del View Farms, LLC", "county": "Queen Anne's", "species_group": "broiler", "animal_type": "chickens_not_laying_hens", "headcount": 43400, "buildings": 2, "floor_area_m2": 1683.0, "registry_point_distance_m": 148.0, "lat": 39.195737, "lon": -75.757059, "maps_url": "https://www.google.com/maps/@39.195737,-75.757059,600m/data=!3m1!1e3" }, "geometry": { "type": "Point", "coordinates": [ -75.757058702032879, 39.195736547140505 ] } },
{ "type": "Feature", "properties": { "site_id": "data/raw/naip_tiles_pc_4band_v2/site_0322.tif", "farm_name": "Gerald Lewis", "county": "Wicomico", "species_group": "broiler", "animal_type": "chickens_not_laying_hens", "headcount": 78600, "buildings": 2, "floor_area_m2": 5396.0, "registry_point_distance_m": 188.0, "lat": 38.408085, "lon": -75.359301, "maps_url": "https://www.google.com/maps/@38.408085,-75.359301,600m/data=!3m1!1e3" }, "geometry": { "type": "Point", "coordinates": [ -75.359300801096111, 38.408084703017785 ] } },
{ "type": "Feature", "properties": { "site_id": "data/raw/naip_tiles_pc_4band_v2/site_0018.tif", "farm_name": "Jennifer Rhodes/Deerfield Farm", "county": "Queen Anne's", "species_group": "broiler", "animal_type": "chickens_not_laying_hens", "headcount": 59100, "buildings": 2, "floor_area_m2": 1788.0, "registry_point_distance_m": 257.0, "lat": 39.075203, "lon": -76.050683, "maps_url": "https://www.google.com/maps/@39.075203,-76.050683,600m/data=!3m1!1e3" }, "geometry": { "type": "Point", "coordinates": [ -76.050682964503622, 39.075203372959677 ] } },
{ "type": "Feature", "properties": { "site_id": "data/raw/naip_tiles_pc_4band_v2/site_0297.tif", "farm_name": "Charles Hickman/Late Start LLC", "county": "Wicomico", "species_group": "broiler", "animal_type": "chickens_not_laying_hens", "headcount": 85000, "buildings": 2, "floor_area_m2": 5286.0, "registry_point_distance_m": 528.0, "lat": 38.389668, "lon": -75.489306, "maps_url": "https://www.google.com/maps/@38.389668,-75.489306,600m/data=!3m1!1e3" }, "geometry": { "type": "Point", "coordinates": [ -75.48930558940333, 38.389668067574874 ] } },
{ "type": "Feature", "properties": { "site_id": "data/raw/naip_tiles_pc_4band_v2/site_0287.tif", "farm_name": "Ronnie Schrock Inc./Mason Farms", "county": "Somerset", "species_group": "broiler", "animal_type": "chickens_not_laying_hens", "headcount": 160000, "buildings": 2, "floor_area_m2": 4249.0, "registry_point_distance_m": 213.0, "lat": 38.102424, "lon": -75.697362, "maps_url": "https://www.google.com/maps/@38.102424,-75.697362,600m/data=!3m1!1e3" }, "geometry": { "type": "Point", "coordinates": [ -75.697362223342822, 38.10242426850823 ] } },
{ "type": "Feature", "properties": { "site_id": "data/raw/naip_tiles_pc_4band_v2/site_0270.tif", "farm_name": "QuangTran Farm", "county": "Somerset", "species_group": "broiler", "animal_type": "chickens_not_laying_hens", "headcount": 210000, "buildings": 2, "floor_area_m2": 4920.0, "registry_point_distance_m": 267.0, "lat": 38.213247, "lon": -75.650388, "maps_url": "https://www.google.com/maps/@38.213247,-75.650388,600m/data=!3m1!1e3" }, "geometry": { "type": "Point", "coordinates": [ -75.650387651401175, 38.213246686687384 ] } },
{ "type": "Feature", "properties": { "site_id": "data/raw/naip_tiles_pc_4band_v2/site_0045.tif", "farm_name": "Brian Laird Farm", "county": "Somerset", "species_group": "broiler", "animal_type": "chickens_not_laying_hens", "headcount": 77500, "buildings": 2, "floor_area_m2": 3029.0, "registry_point_distance_m": 697.0, "lat": 38.191574, "lon": -75.781009, "maps_url": "https://www.google.com/maps/@38.191574,-75.781009,600m/data=!3m1!1e3" }, "geometry": { "type": "Point", "coordinates": [ -75.781009157329862, 38.191573690791216 ] } },
{ "type": "Feature", "properties": { "site_id": "data/raw/naip_tiles_pc_4band_v2/site_0257.tif", "farm_name": "Barry Spedden Farm", "county": "Dorchester", "species_group": "broiler", "animal_type": "chickens_not_laying_hens", "headcount": 129000, "buildings": 2, "floor_area_m2": 1936.0, "registry_point_distance_m": 788.0, "lat": 38.604158, "lon": -75.740054, "maps_url": "https://www.google.com/maps/@38.604158,-75.740054,600m/data=!3m1!1e3" }, "geometry": { "type": "Point", "coordinates": [ -75.74005437714348, 38.604157854310884 ] } },
{ "type": "Feature", "properties": { "site_id": "data/raw/naip_tiles_pc_4band_v2/site_0327.tif", "farm_name": "David Meulenberg/Nods Forest LLC (New Construction)", "county": "Cecil", "species_group": "broiler", "animal_type": "chickens_not_laying_hens", "headcount": 72400, "buildings": 2, "floor_area_m2": 4735.0, "registry_point_distance_m": 176.0, "lat": 39.644702, "lon": -75.982438, "maps_url": "https://www.google.com/maps/@39.644702,-75.982438,600m/data=!3m1!1e3" }, "geometry": { "type": "Point", "coordinates": [ -75.982437937153634, 39.644701889017796 ] } },
{ "type": "Feature", "properties": { "site_id": "data/raw/naip_tiles_pc_4band_v2/site_0020.tif", "farm_name": "Jennifer L. Kunes/Chick-A-Dee-Doo-Dah", "county": "Queen Anne's", "species_group": "broiler", "animal_type": "chickens_not_laying_hens", "headcount": 75000, "buildings": 2, "floor_area_m2": 5255.0, "registry_point_distance_m": 230.0, "lat": 39.211729, "lon": -75.907624, "maps_url": "https://www.google.com/maps/@39.211729,-75.907624,600m/data=!3m1!1e3" }, "geometry": { "type": "Point", "coordinates": [ -75.907624376940007, 39.211728656486166 ] } },
{ "type": "Feature", "properties": { "site_id": "data/raw/naip_tiles_pc_4band_v2/site_0246.tif", "farm_name": "Rhonda Donaway", "county": "Worcester", "species_group": "broiler", "animal_type": "chickens_not_laying_hens", "headcount": 94600, "buildings": 2, "floor_area_m2": 2838.0, "registry_point_distance_m": 76.0, "lat": 38.411023, "lon": -75.293422, "maps_url": "https://www.google.com/maps/@38.411023,-75.293422,600m/data=!3m1!1e3" }, "geometry": { "type": "Point", "coordinates": [ -75.293421905876599, 38.411023432971945 ] } },
{ "type": "Feature", "properties": { "site_id": "data/raw/naip_tiles_pc_4band_v2/site_0243.tif", "farm_name": "Philip L. Meck/Meck Farm", "county": "Cecil", "species_group": "broiler", "animal_type": "chickens_not_laying_hens", "headcount": 88000, "buildings": 2, "floor_area_m2": 8252.0, "registry_point_distance_m": 582.0, "lat": 39.448715, "lon": -75.871504, "maps_url": "https://www.google.com/maps/@39.448715,-75.871504,600m/data=!3m1!1e3" }, "geometry": { "type": "Point", "coordinates": [ -75.871503870164787, 39.448715356860895 ] } },
{ "type": "Feature", "properties": { "site_id": "data/raw/naip_tiles_pc_4band_v2/site_0235.tif", "farm_name": "Michael Lembeck/Rocking L. Ranch", "county": "Wicomico", "species_group": "broiler", "animal_type": "chickens_not_laying_hens", "headcount": 65000, "buildings": 2, "floor_area_m2": 3270.0, "registry_point_distance_m": 149.0, "lat": 38.317754, "lon": -75.396305, "maps_url": "https://www.google.com/maps/@38.317754,-75.396305,600m/data=!3m1!1e3" }, "geometry": { "type": "Point", "coordinates": [ -75.396305264803914, 38.317753500350257 ] } },
{ "type": "Feature", "properties": { "site_id": "data/raw/naip_tiles_pc_4band_v2/site_0224.tif", "farm_name": "Robert Rosado/Northwind Farm", "county": "Wicomico", "species_group": "unknown", "animal_type": "unknown", "headcount": 0, "buildings": 2, "floor_area_m2": 3318.0, "registry_point_distance_m": 136.0, "lat": 38.437392, "lon": -75.622886, "maps_url": "https://www.google.com/maps/@38.437392,-75.622886,600m/data=!3m1!1e3" }, "geometry": { "type": "Point", "coordinates": [ -75.622886424569955, 38.43739176990163 ] } },
{ "type": "Feature", "properties": { "site_id": "data/raw/naip_tiles_pc_4band_v2/site_0036.tif", "farm_name": "Village View Farm", "county": "Queen Anne's", "species_group": "broiler", "animal_type": "chickens_not_laying_hens", "headcount": 60000, "buildings": 2, "floor_area_m2": 5268.0, "registry_point_distance_m": 173.0, "lat": 39.143928, "lon": -75.856767, "maps_url": "https://www.google.com/maps/@39.143928,-75.856767,600m/data=!3m1!1e3" }, "geometry": { "type": "Point", "coordinates": [ -75.856766923321942, 39.143928332330546 ] } },
{ "type": "Feature", "properties": { "site_id": "data/raw/naip_tiles_pc_4band_v2/site_0326.tif", "farm_name": "Levi Hayman/Makin' Memories Farm, LLC", "county": "Caroline", "species_group": "broiler", "animal_type": "chickens_not_laying_hens", "headcount": 144000, "buildings": 2, "floor_area_m2": 2269.0, "registry_point_distance_m": 242.0, "lat": 38.958802, "lon": -75.833195, "maps_url": "https://www.google.com/maps/@38.958802,-75.833195,600m/data=!3m1!1e3" }, "geometry": { "type": "Point", "coordinates": [ -75.833195372629589, 38.958801955891985 ] } },
{ "type": "Feature", "properties": { "site_id": "data/raw/naip_tiles_pc_4band_v2/site_0012.tif", "farm_name": "Teabow, Incorporated", "county": "Frederick", "species_group": "dairy", "animal_type": "dairy_cattle", "headcount": 1764, "buildings": 1, "floor_area_m2": 516.0, "registry_point_distance_m": 993.0, "lat": 39.509114, "lon": -77.353422, "maps_url": "https://www.google.com/maps/@39.509114,-77.353422,600m/data=!3m1!1e3" }, "geometry": { "type": "Point", "coordinates": [ -77.353422279065455, 39.509113749428856 ] } },
{ "type": "Feature", "properties": { "site_id": "data/raw/naip_tiles_pc_4band_v2/site_0075.tif", "farm_name": "Oakland View Farms LLC", "county": "Caroline", "species_group": "dairy", "animal_type": "dairy_cattle", "headcount": 1465, "buildings": 1, "floor_area_m2": 891.0, "registry_point_distance_m": 691.0, "lat": 39.011959, "lon": -75.860185, "maps_url": "https://www.google.com/maps/@39.011959,-75.860185,600m/data=!3m1!1e3" }, "geometry": { "type": "Point", "coordinates": [ -75.860185099263418, 39.011959496522955 ] } },
{ "type": "Feature", "properties": { "site_id": "data/raw/naip_tiles_pc_4band_v2/site_0027.tif", "farm_name": "John Scott Dulin/S&K Farm", "county": "Queen Anne's", "species_group": "broiler", "animal_type": "chickens_not_laying_hens", "headcount": 120000, "buildings": 1, "floor_area_m2": 712.0, "registry_point_distance_m": 637.0, "lat": 39.042543, "lon": -76.059636, "maps_url": "https://www.google.com/maps/@39.042543,-76.059636,600m/data=!3m1!1e3" }, "geometry": { "type": "Point", "coordinates": [ -76.059636244195758, 39.042543444719627 ] } },
{ "type": "Feature", "properties": { "site_id": "data/raw/naip_tiles_pc_4band_v2/site_0055.tif", "farm_name": "Goldsborough James Stafford III", "county": "Caroline", "species_group": "broiler", "animal_type": "chickens_not_laying_hens", "headcount": 51000, "buildings": 1, "floor_area_m2": 1190.0, "registry_point_distance_m": 196.0, "lat": 38.776375, "lon": -75.746969, "maps_url": "https://www.google.com/maps/@38.776375,-75.746969,600m/data=!3m1!1e3" }, "geometry": { "type": "Point", "coordinates": [ -75.746968735780101, 38.776374654571811 ] } },
{ "type": "Feature", "properties": { "site_id": "data/raw/naip_tiles_pc_4band_v2/site_0143.tif", "farm_name": "Randy Collins/Mother Hen Farm", "county": "Dorchester", "species_group": "broiler", "animal_type": "chickens_not_laying_hens", "headcount": 67200, "buildings": 1, "floor_area_m2": 1866.0, "registry_point_distance_m": 24.0, "lat": 38.636077, "lon": -75.823104, "maps_url": "https://www.google.com/maps/@38.636077,-75.823104,600m/data=!3m1!1e3" }, "geometry": { "type": "Point", "coordinates": [ -75.823103647966761, 38.636076803171228 ] } },
{ "type": "Feature", "properties": { "site_id": "data/raw/naip_tiles_pc_4band_v2/site_0078.tif", "farm_name": "Fazal Rehman Kayani/Minahil LLC", "county": "Caroline", "species_group": "broiler", "animal_type": "chickens_not_laying_hens", "headcount": 47000, "buildings": 1, "floor_area_m2": 1036.0, "registry_point_distance_m": 142.0, "lat": 38.707439, "lon": -75.820231, "maps_url": "https://www.google.com/maps/@38.707439,-75.820231,600m/data=!3m1!1e3" }, "geometry": { "type": "Point", "coordinates": [ -75.820231368298991, 38.707439165549765 ] } },
{ "type": "Feature", "properties": { "site_id": "data/raw/naip_tiles_pc_4band_v2/site_0135.tif", "farm_name": "Esha Farm, LLC/Mohammad Ahmad", "county": "Wicomico", "species_group": "broiler", "animal_type": "chickens_not_laying_hens", "headcount": 85600, "buildings": 1, "floor_area_m2": 749.0, "registry_point_distance_m": 239.0, "lat": 38.497668, "lon": -75.746823, "maps_url": "https://www.google.com/maps/@38.497668,-75.746823,600m/data=!3m1!1e3" }, "geometry": { "type": "Point", "coordinates": [ -75.746822767960055, 38.497667577002744 ] } },
{ "type": "Feature", "properties": { "site_id": "data/raw/naip_tiles_pc_4band_v2/site_0136.tif", "farm_name": "Michael Lembeck/The Sunrider Farm", "county": "Wicomico", "species_group": "broiler", "animal_type": "chickens_not_laying_hens", "headcount": 67600, "buildings": 1, "floor_area_m2": 1369.0, "registry_point_distance_m": 118.0, "lat": 38.346829, "lon": -75.336289, "maps_url": "https://www.google.com/maps/@38.346829,-75.336289,600m/data=!3m1!1e3" }, "geometry": { "type": "Point", "coordinates": [ -75.336288891221443, 38.346828995225387 ] } },
{ "type": "Feature", "properties": { "site_id": "data/raw/naip_tiles_pc_4band_v2/site_0339.tif", "farm_name": "Edward Robinson/Robinson Farms, LLC", "county": "Caroline", "species_group": "broiler", "animal_type": "chickens_not_laying_hens", "headcount": 44000, "buildings": 1, "floor_area_m2": 2325.0, "registry_point_distance_m": 877.0, "lat": 39.129872, "lon": -75.786012, "maps_url": "https://www.google.com/maps/@39.129872,-75.786012,600m/data=!3m1!1e3" }, "geometry": { "type": "Point", "coordinates": [ -75.786012268720157, 39.129871921391086 ] } },
{ "type": "Feature", "properties": { "site_id": "data/raw/naip_tiles_pc_4band_v2/site_0151.tif", "farm_name": "Alan & Kristin Hudson", "county": "Worcester", "species_group": "unknown", "animal_type": "unknown", "headcount": 0, "buildings": 1, "floor_area_m2": 564.0, "registry_point_distance_m": 164.0, "lat": 38.365666, "lon": -75.254656, "maps_url": "https://www.google.com/maps/@38.365666,-75.254656,600m/data=!3m1!1e3" }, "geometry": { "type": "Point", "coordinates": [ -75.254655801869134, 38.365666273466807 ] } },
{ "type": "Feature", "properties": { "site_id": "data/raw/naip_tiles_pc_4band_v2/site_0160.tif", "farm_name": "Virgil L. Shockley/Boondock Farm", "county": "Worcester", "species_group": "broiler", "animal_type": "chickens_not_laying_hens", "headcount": 42000, "buildings": 1, "floor_area_m2": 835.0, "registry_point_distance_m": 169.0, "lat": 38.268427, "lon": -75.391907, "maps_url": "https://www.google.com/maps/@38.268427,-75.391907,600m/data=!3m1!1e3" }, "geometry": { "type": "Point", "coordinates": [ -75.391906870025224, 38.268427057344702 ] } },
{ "type": "Feature", "properties": { "site_id": "data/raw/naip_tiles_pc_4band_v2/site_0199.tif", "farm_name": "Milton Lee West, Jr./Doris West", "county": "Worcester", "species_group": "broiler", "animal_type": "chickens_not_laying_hens", "headcount": 73000, "buildings": 1, "floor_area_m2": 552.0, "registry_point_distance_m": 428.0, "lat": 38.423419, "lon": -75.167805, "maps_url": "https://www.google.com/maps/@38.423419,-75.167805,600m/data=!3m1!1e3" }, "geometry": { "type": "Point", "coordinates": [ -75.167805138849886, 38.42341919948467 ] } },
{ "type": "Feature", "properties": { "site_id": "data/raw/naip_tiles_pc_4band_v2/site_0221.tif", "farm_name": "Ray A. Lewis/Ray Lewis Farm", "county": "Wicomico", "species_group": "broiler", "animal_type": "chickens_not_laying_hens", "headcount": 63000, "buildings": 1, "floor_area_m2": 1130.0, "registry_point_distance_m": 168.0, "lat": 38.372914, "lon": -75.351625, "maps_url": "https://www.google.com/maps/@38.372914,-75.351625,600m/data=!3m1!1e3" }, "geometry": { "type": "Point", "coordinates": [ -75.351624697211363, 38.372914470449913 ] } },
{ "type": "Feature", "properties": { "site_id": "data/raw/naip_tiles_pc_4band_v2/site_0222.tif", "farm_name": "Anthony E. Balcerzak, Jr./White Haven Farm", "county": "Wicomico", "species_group": "broiler", "animal_type": "chickens_not_laying_hens", "headcount": 40000, "buildings": 1, "floor_area_m2": 857.0, "registry_point_distance_m": 149.0, "lat": 38.287619, "lon": -75.81037, "maps_url": "https://www.google.com/maps/@38.287619,-75.81037,600m/data=!3m1!1e3" }, "geometry": { "type": "Point", "coordinates": [ -75.810369728246869, 38.287619052669598 ] } },
{ "type": "Feature", "properties": { "site_id": "data/raw/naip_tiles_pc_4band_v2/site_0245.tif", "farm_name": "Benjamin D. Sowers", "county": "Frederick", "species_group": "broiler", "animal_type": "chickens_not_laying_hens", "headcount": 17000, "buildings": 1, "floor_area_m2": 1977.0, "registry_point_distance_m": 534.0, "lat": 39.455292, "lon": -77.599117, "maps_url": "https://www.google.com/maps/@39.455292,-77.599117,600m/data=!3m1!1e3" }, "geometry": { "type": "Point", "coordinates": [ -77.599117204611545, 39.455291508791468 ] } },
{ "type": "Feature", "properties": { "site_id": "data/raw/naip_tiles_pc_4band_v2/site_0255.tif", "farm_name": "Aaron Dennis/Carr's Creek Farm", "county": "Caroline", "species_group": "broiler", "animal_type": "chickens_not_laying_hens", "headcount": 56800, "buildings": 1, "floor_area_m2": 1545.0, "registry_point_distance_m": 197.0, "lat": 38.756495, "lon": -75.978282, "maps_url": "https://www.google.com/maps/@38.756495,-75.978282,600m/data=!3m1!1e3" }, "geometry": { "type": "Point", "coordinates": [ -75.978281961624006, 38.756494640942464 ] } },
{ "type": "Feature", "properties": { "site_id": "data/raw/naip_tiles_pc_4band_v2/site_0321.tif", "farm_name": "Marlin Sensenig", "county": "Caroline", "species_group": "broiler", "animal_type": "chickens_not_laying_hens", "headcount": 156400, "buildings": 1, "floor_area_m2": 1581.0, "registry_point_distance_m": 313.0, "lat": 38.853689, "lon": -75.773103, "maps_url": "https://www.google.com/maps/@38.853689,-75.773103,600m/data=!3m1!1e3" }, "geometry": { "type": "Point", "coordinates": [ -75.773102553827698, 38.853689190705254 ] } },
{ "type": "Feature", "properties": { "site_id": "data/raw/naip_tiles_pc_4band_v2/site_0356.tif", "farm_name": "Panora Acres Inc./Stacy Sellers", "county": "Carroll", "species_group": "beef", "animal_type": "cattle_includes_heifers", "headcount": 600, "buildings": 1, "floor_area_m2": 642.0, "registry_point_distance_m": 419.0, "lat": 39.694416, "lon": -76.892763, "maps_url": "https://www.google.com/maps/@39.694416,-76.892763,600m/data=!3m1!1e3" }, "geometry": { "type": "Point", "coordinates": [ -76.892762955470289, 39.694416262457764 ] } },
{ "type": "Feature", "properties": { "site_id": "data/raw/naip_tiles_pc_4band_v2/site_0331.tif", "farm_name": "H&H Family Farm LLC/Mohammed Ahmed", "county": "Dorchester", "species_group": "broiler", "animal_type": "chickens_not_laying_hens", "headcount": 90000, "buildings": 1, "floor_area_m2": 1796.0, "registry_point_distance_m": 310.0, "lat": 38.59608, "lon": -75.723661, "maps_url": "https://www.google.com/maps/@38.59608,-75.723661,600m/data=!3m1!1e3" }, "geometry": { "type": "Point", "coordinates": [ -75.723661244715075, 38.596079751481852 ] } },
{ "type": "Feature", "properties": { "site_id": "data/raw/naip_tiles_pc_4band_v2/site_0001.tif", "farm_name": "Horizon Organic Dairy, LLC", "county": "Kent", "species_group": "dairy", "animal_type": "dairy_cattle", "headcount": 544, "buildings": 1, "floor_area_m2": 562.0, "registry_point_distance_m": 1083.0, "lat": 39.287329, "lon": -75.997731, "maps_url": "https://www.google.com/maps/@39.287329,-75.997731,600m/data=!3m1!1e3" }, "geometry": { "type": "Point", "coordinates": [ -75.997730771243326, 39.2873294737268 ] } }
]
}
