{
  "type": "FeatureCollection",
  "features": [
    {
      "type": "Feature",
      "geometry": {
        "type": "Polygon",
        "coordinates": [
          [
            [
              -75.76165888181319,
              38.676492815233836
            ],
            [
              -75.76168082427931,
              38.67639353993523
            ],
            [
              -75.76161127223574,
              38.67633992066684
            ],
            [
              -75.76150770824665,
              38.67633158300084
            ],
            [
              -75.7613001030398,
              38.67626985031758
            ],
            [
              -75.76121972305893,
              38.676279385552526
            ],
            [
              -75.7611857108084,
              38.67632466710627
            ],
            [
              -75.76120946739047,
              38.676396608776884
            ],
            [
              -75.76127892373667,
              38.676441216871346
            ],
            [
              -75.76159018915405,
              38.67652029868168
            ],
            [
              -75.76165888181319,
              38.676492815233836
            ]
          ]
        ]
      },
      "properties": {
        "class_name": "manure_lagoon",
        "detector": "classical_cv_candidates+sam_refined+barn_proximity+pc_source",
        "farm_name": "Sheraz Chaudhry/Noor Farm",
        "county": "Dorchester",
        "headcount": 142400,
        "area_px": 794,
        "area_m2": 741.6,
        "solidity": 0.942,
        "sam_score": 0.914,
        "ndwi_mean": -0.0942,
        "tile": "site_0012.tif",
        "candidate_source": "tight",
        "distance_to_barn_m": 130.9
      }
    },
    {
      "type": "Feature",
      "geometry": {
        "type": "Polygon",
        "coordinates": [
          [
            [
              -75.90502271348727,
              39.20784196515169
            ],
            [
              -75.90508107451265,
              39.20787755085189
            ],
            [
              -75.90515066835559,
              39.20788601990767
            ],
            [
              -75.90529993211345,
              39.2077857524666
            ],
            [
              -75.9053807585412,
              39.207767104756755
            ],
            [
              -75.90539199118462,
              39.20773998811991
            ],
            [
              -75.90536779075266,
              39.20765908819393
            ],
            [
              -75.90533270475252,
              39.20763233153447
            ],
            [
              -75.90523995182677,
              39.2076240425519
            ],
            [
              -75.90500997749052,
              39.207751966305636
            ],
            [
              -75.90502271348727,
              39.20784196515169
            ]
          ]
        ]
      },
      "properties": {
        "class_name": "manure_lagoon",
        "detector": "classical_cv_candidates+sam_refined+barn_proximity+pc_source",
        "farm_name": "Jennifer L. Kunes/Chick-A-Dee-Doo-Dah",
        "county": "Queen Anne's",
        "headcount": 75000,
        "area_px": 630,
        "area_m2": 590.8,
        "solidity": 0.931,
        "sam_score": 0.865,
        "ndwi_mean": -0.1882,
        "tile": "site_0015.tif",
        "candidate_source": "tight",
        "distance_to_barn_m": 482.7
      }
    },
    {
      "type": "Feature",
      "geometry": {
        "type": "Polygon",
        "coordinates": [
          [
            [
              -75.95689178430183,
              39.09892643668804
            ],
            [
              -75.95694971386826,
              39.098934970910214
            ],
            [
              -75.95724836507016,
              39.09878836364916
            ],
            [
              -75.95721270589058,
              39.09871657871744
            ],
            [
              -75.95714236225918,
              39.09864507853831
            ],
            [
              -75.95701542925663,
              39.098664140020546
            ],
            [
              -75.95680890505804,
              39.09878296147766
            ],
            [
              -75.95680939214547,
              39.09881899634117
            ],
            [
              -75.95689178430183,
              39.09892643668804
            ]
          ]
        ]
      },
      "properties": {
        "class_name": "manure_lagoon",
        "detector": "classical_cv_candidates+sam_refined+barn_proximity+pc_source",
        "farm_name": "Dan Heller/Stillwater Ventures, LLC",
        "county": "Queen Anne's",
        "headcount": 140000,
        "area_px": 798,
        "area_m2": 732.8,
        "solidity": 0.964,
        "sam_score": 0.913,
        "ndwi_mean": -0.0524,
        "tile": "site_0020.tif",
        "candidate_source": "tight",
        "distance_to_barn_m": 789.2
      }
    },
    {
      "type": "Feature",
      "geometry": {
        "type": "Polygon",
        "coordinates": [
          [
            [
              -76.11901436794268,
              39.02888263814902
            ],
            [
              -76.11900110953674,
              39.028774614464375
            ],
            [
              -76.11894277533807,
              39.02873912380411
            ],
            [
              -76.1185385567876,
              39.02875201348836
            ],
            [
              -76.1184810750459,
              39.02877058986586
            ],
            [
              -76.11845853684561,
              39.028806856287915
            ],
            [
              -76.11847122629418,
              39.02887883519788
            ],
            [
              -76.1185297024217,
              39.028923337306686
            ],
            [
              -76.11895717041965,
              39.02891923718121
            ],
            [
              -76.11901436794268,
              39.02888263814902
            ]
          ]
        ]
      },
      "properties": {
        "class_name": "manure_lagoon",
        "detector": "classical_cv_candidates+sam_refined+barn_proximity+pc_source",
        "farm_name": "Serenity Farm",
        "county": "Queen Anne's",
        "headcount": 98800,
        "area_px": 953,
        "area_m2": 871.8,
        "solidity": 0.972,
        "sam_score": 0.925,
        "ndwi_mean": -0.2137,
        "tile": "site_0027.tif",
        "candidate_source": "tight",
        "distance_to_barn_m": 934.3
      }
    },
    {
      "type": "Feature",
      "geometry": {
        "type": "Polygon",
        "coordinates": [
          [
            [
              -76.06230634149014,
              39.079012180420584
            ],
            [
              -76.06231736022087,
              39.078976037177426
            ],
            [
              -76.06228173682894,
              39.07891328674859
            ],
            [
              -76.06209503364089,
              39.07879784833506
            ],
            [
              -76.06197971208346,
              39.07881692018557
            ],
            [
              -76.06191089730268,
              39.07885358979439
            ],
            [
              -76.06192326688891,
              39.07890754141625
            ],
            [
              -76.0620048566012,
              39.07895185186025
            ],
            [
              -76.06208698677162,
              39.07903220017499
            ],
            [
              -76.06219142495455,
              39.0790582809296
            ],
            [
              -76.06230634149014,
              39.079012180420584
            ]
          ]
        ]
      },
      "properties": {
        "class_name": "manure_lagoon",
        "detector": "classical_cv_candidates+sam_refined+barn_proximity+pc_source",
        "farm_name": "John Cannon/Stowman Farm",
        "county": "Queen Anne's",
        "headcount": 121200,
        "area_px": 663,
        "area_m2": 608.3,
        "solidity": 0.955,
        "sam_score": 0.856,
        "ndwi_mean": -0.1721,
        "tile": "site_0029.tif",
        "candidate_source": "tight",
        "distance_to_barn_m": 896.4
      }
    },
    {
      "type": "Feature",
      "geometry": {
        "type": "Polygon",
        "coordinates": [
          [
            [
              -75.8626777232121,
              39.14719310781586
            ],
            [
              -75.86269965119567,
              39.1470938464432
            ],
            [
              -75.8626645047714,
              39.147058070582936
            ],
            [
              -75.86254870641126,
              39.147049918664266
            ],
            [
              -75.86233991764891,
              39.147006418705296
            ],
            [
              -75.86229364231801,
              39.14700676109898
            ],
            [
              -75.86227072449458,
              39.14702494867338
            ],
            [
              -75.86224890584539,
              39.14713321816514
            ],
            [
              -75.86228405209964,
              39.14716899415222
            ],
            [
              -75.86252743795448,
              39.147203229159764
            ],
            [
              -75.8626777232121,
              39.14719310781586
            ]
          ]
        ]
      },
      "properties": {
        "class_name": "manure_lagoon",
        "detector": "classical_cv_candidates+sam_refined+barn_proximity+pc_source",
        "farm_name": "Village View Farm",
        "county": "Queen Anne's",
        "headcount": 60000,
        "area_px": 694,
        "area_m2": 636.7,
        "solidity": 0.955,
        "sam_score": 0.935,
        "ndwi_mean": -0.182,
        "tile": "site_0031.tif",
        "candidate_source": "tight",
        "distance_to_barn_m": 602.1
      }
    },
    {
      "type": "Feature",
      "geometry": {
        "type": "Polygon",
        "coordinates": [
          [
            [
              -75.80347001605692,
              38.18440408831916
            ],
            [
              -75.80358200598428,
              38.18420508522087
            ],
            [
              -75.80358032333652,
              38.18405191382298
            ],
            [
              -75.8034760885999,
              38.18391746574475
            ],
            [
              -75.80317796900515,
              38.18380236550087
            ],
            [
              -75.80279039595423,
              38.18385908058079
            ],
            [
              -75.80266758087461,
              38.184112221505444
            ],
            [
              -75.80265942674743,
              38.184409632324495
            ],
            [
              -75.80304799196225,
              38.18444301847863
            ],
            [
              -75.80347001605692,
              38.18440408831916
            ]
          ]
        ]
      },
      "properties": {
        "class_name": "manure_lagoon",
        "detector": "classical_cv_candidates+sam_refined+barn_proximity+pc_source",
        "farm_name": "Hrang LLC",
        "county": "Somerset",
        "headcount": 170000,
        "area_px": 5013,
        "area_m2": 4735.1,
        "solidity": 0.979,
        "sam_score": 0.926,
        "ndwi_mean": 0.2326,
        "tile": "site_0046.tif",
        "candidate_source": "tight",
        "distance_to_barn_m": 639.2
      }
    },
    {
      "type": "Feature",
      "geometry": {
        "type": "Polygon",
        "coordinates": [
          [
            [
              -75.77054818078432,
              38.61240491411385
            ],
            [
              -75.77055821740282,
              38.6122696396923
            ],
            [
              -75.77046577597693,
              38.612216165078685
            ],
            [
              -75.77016664326088,
              38.61216405100617
            ],
            [
              -75.76997133833396,
              38.61215632244215
            ],
            [
              -75.76991479108534,
              38.61223781952673
            ],
            [
              -75.76993814218676,
              38.61227372143442
            ],
            [
              -75.77011096348814,
              38.61232666747416
            ],
            [
              -75.77020350117263,
              38.612389155622616
            ],
            [
              -75.77037603375327,
              38.61241506150306
            ],
            [
              -75.77054818078432,
              38.61240491411385
            ]
          ]
        ]
      },
      "properties": {
        "class_name": "manure_lagoon",
        "detector": "classical_cv_candidates+sam_refined+barn_proximity+pc_source",
        "farm_name": "Nathan Wolf/Wolf Farm",
        "county": "Dorchester",
        "headcount": 60000,
        "area_px": 1165,
        "area_m2": 1088.3,
        "solidity": 0.951,
        "sam_score": 0.807,
        "ndwi_mean": -0.1914,
        "tile": "site_0049.tif",
        "candidate_source": "tight",
        "distance_to_barn_m": 32.9
      }
    },
    {
      "type": "Feature",
      "geometry": {
        "type": "Polygon",
        "coordinates": [
          [
            [
              -75.76963349749663,
              38.6127805033669
            ],
            [
              -75.76966727220969,
              38.61271718399308
            ],
            [
              -75.76965492250395,
              38.612636140229434
            ],
            [
              -75.76959712263678,
              38.612600464845656
            ],
            [
              -75.76941320322275,
              38.61258364658172
            ],
            [
              -75.76941522502638,
              38.61277292494653
            ],
            [
              -75.76963349749663,
              38.6127805033669
            ]
          ]
        ]
      },
      "properties": {
        "class_name": "manure_lagoon",
        "detector": "classical_cv_candidates+sam_refined+barn_proximity+pc_source",
        "farm_name": "Nathan Wolf/Wolf Farm",
        "county": "Dorchester",
        "headcount": 60000,
        "area_px": 466,
        "area_m2": 417.8,
        "solidity": 0.976,
        "sam_score": 0.854,
        "ndwi_mean": -0.1493,
        "tile": "site_0049.tif",
        "candidate_source": "tight",
        "distance_to_barn_m": 51.7
      }
    },
    {
      "type": "Feature",
      "geometry": {
        "type": "Polygon",
        "coordinates": [
          [
            [
              -75.77054286859341,
              38.612981837926476
            ],
            [
              -75.77054219366407,
              38.612918745157884
            ],
            [
              -75.77049568328212,
              38.61286496810274
            ],
            [
              -75.77035769486963,
              38.612847848872136
            ],
            [
              -75.76994295926687,
              38.612724384165844
            ],
            [
              -75.76987406158196,
              38.61272483749721
            ],
            [
              -75.76982861143324,
              38.612770205968005
            ],
            [
              -75.76981809175135,
              38.612860414058915
            ],
            [
              -75.76986440896194,
              38.61289616488041
            ],
            [
              -75.7704170377509,
              38.61302773591938
            ],
            [
              -75.77048593571675,
              38.61302728226534
            ],
            [
              -75.77054286859341,
              38.612981837926476
            ]
          ]
        ]
      },
      "properties": {
        "class_name": "manure_lagoon",
        "detector": "classical_cv_candidates+sam_refined+barn_proximity+pc_source",
        "farm_name": "Nathan Wolf/Wolf Farm",
        "county": "Dorchester",
        "headcount": 60000,
        "area_px": 1237,
        "area_m2": 1174.4,
        "solidity": 0.931,
        "sam_score": 0.89,
        "ndwi_mean": -0.133,
        "tile": "site_0049.tif",
        "candidate_source": "tight",
        "distance_to_barn_m": 33.9
      }
    },
    {
      "type": "Feature",
      "geometry": {
        "type": "Polygon",
        "coordinates": [
          [
            [
              -75.78084303301408,
              38.61820470259372
            ],
            [
              -75.78087748438818,
              38.618204472676666
            ],
            [
              -75.78094580070449,
              38.618149933477916
            ],
            [
              -75.78101196650087,
              38.617897103344795
            ],
            [
              -75.78099950531826,
              38.61780704777009
            ],
            [
              -75.78097624464024,
              38.61778016140321
            ],
            [
              -75.7809189237565,
              38.61778955786063
            ],
            [
              -75.78078248708768,
              38.61791666263363
            ],
            [
              -75.78074871984087,
              38.617979985083316
            ],
            [
              -75.78073879947667,
              38.618124273278575
            ],
            [
              -75.7807737393969,
              38.61816910950653
            ],
            [
              -75.78084303301408,
              38.61820470259372
            ]
          ]
        ]
      },
      "properties": {
        "class_name": "manure_lagoon",
        "detector": "classical_cv_candidates+sam_refined+barn_proximity+pc_source",
        "farm_name": "Nathan Wolf/Wolf Farm",
        "county": "Dorchester",
        "headcount": 60000,
        "area_px": 810,
        "area_m2": 764.1,
        "solidity": 0.962,
        "sam_score": 0.874,
        "ndwi_mean": -0.0951,
        "tile": "site_0049.tif",
        "candidate_source": "tight",
        "distance_to_barn_m": 98.8
      }
    },
    {
      "type": "Feature",
      "geometry": {
        "type": "Polygon",
        "coordinates": [
          [
            [
              -75.8099982823744,
              38.716535680151985
            ],
            [
              -75.80998637152095,
              38.71649971092587
            ],
            [
              -75.80979029563257,
              38.71645600447337
            ],
            [
              -75.80968676000535,
              38.71645672153723
            ],
            [
              -75.80959554170539,
              38.71652945670766
            ],
            [
              -75.80966527729215,
              38.71659206435169
            ],
            [
              -75.80978092726662,
              38.716645341016545
            ],
            [
              -75.80991887341571,
              38.71663537256474
            ],
            [
              -75.8099982823744,
              38.716535680151985
            ]
          ]
        ]
      },
      "properties": {
        "class_name": "manure_lagoon",
        "detector": "classical_cv_candidates+sam_refined+barn_proximity+pc_source",
        "farm_name": "Martin Cheesman",
        "county": "Caroline",
        "headcount": 42000,
        "area_px": 566,
        "area_m2": 515.5,
        "solidity": 0.97,
        "sam_score": 0.89,
        "ndwi_mean": -0.155,
        "tile": "site_0057.tif",
        "candidate_source": "tight",
        "distance_to_barn_m": 683.8
      }
    },
    {
      "type": "Feature",
      "geometry": {
        "type": "Polygon",
        "coordinates": [
          [
            [
              -75.79021609090483,
              38.78720530762262
            ],
            [
              -75.79034252708303,
              38.78718643161472
            ],
            [
              -75.79043372992857,
              38.787104720564066
            ],
            [
              -75.79055708122162,
              38.786806540838285
            ],
            [
              -75.79062197504658,
              38.786427662327156
            ],
            [
              -75.79057503086621,
              38.78634688576039
            ],
            [
              -75.79044750185851,
              38.78626665430492
            ],
            [
              -75.79030995307788,
              38.7863216474365
            ],
            [
              -75.79010989466393,
              38.78697175367947
            ],
            [
              -75.7901002719149,
              38.787143017541275
            ],
            [
              -75.79021609090483,
              38.78720530762262
            ]
          ]
        ]
      },
      "properties": {
        "class_name": "manure_lagoon",
        "detector": "classical_cv_candidates+sam_refined+barn_proximity+pc_source",
        "farm_name": "James Donald Dulin",
        "county": "Caroline",
        "headcount": 57600,
        "area_px": 3150,
        "area_m2": 3012.0,
        "solidity": 0.96,
        "sam_score": 0.933,
        "ndwi_mean": 0.1915,
        "tile": "site_0069.tif",
        "candidate_source": "tight",
        "distance_to_barn_m": 384.2
      }
    },
    {
      "type": "Feature",
      "geometry": {
        "type": "Polygon",
        "coordinates": [
          [
            [
              -75.85336072889996,
              38.920085157565865
            ],
            [
              -75.85341787207773,
              38.9200396758849
            ],
            [
              -75.8534517261016,
              38.91997633886603
            ],
            [
              -75.8534390019645,
              38.9198772912149
            ],
            [
              -75.85329969970725,
              38.91980620723144
            ],
            [
              -75.85324201696355,
              38.91980662885501
            ],
            [
              -75.85316158489393,
              38.9198342550808
            ],
            [
              -75.85309366056526,
              38.9199429049474
            ],
            [
              -75.85311759706421,
              38.92001483233088
            ],
            [
              -75.85325668368041,
              38.92006789252739
            ],
            [
              -75.85336072889996,
              38.920085157565865
            ]
          ]
        ]
      },
      "properties": {
        "class_name": "manure_lagoon",
        "detector": "classical_cv_candidates+sam_refined+barn_proximity+pc_source",
        "farm_name": "Yang Hyuk Lim/Holly Way Farm",
        "county": "Caroline",
        "headcount": 136500,
        "area_px": 761,
        "area_m2": 704.7,
        "solidity": 0.975,
        "sam_score": 0.907,
        "ndwi_mean": -0.2229,
        "tile": "site_0074.tif",
        "candidate_source": "tight",
        "distance_to_barn_m": 110.3
      }
    },
    {
      "type": "Feature",
      "geometry": {
        "type": "Polygon",
        "coordinates": [
          [
            [
              -75.80600946834306,
              38.196155672287105
            ],
            [
              -75.80603270340274,
              38.196191556759025
            ],
            [
              -75.80609009581238,
              38.19621819571233
            ],
            [
              -75.80654645363835,
              38.19617901752136
            ],
            [
              -75.80658041208939,
              38.19615175123808
            ],
            [
              -75.80655618286437,
              38.19602576373577
            ],
            [
              -75.80651030867666,
              38.1960080568829
            ],
            [
              -75.806190680161,
              38.19601926312955
            ],
            [
              -75.80604273169077,
              38.19606533395025
            ],
            [
              -75.8060089717235,
              38.19611062071079
            ],
            [
              -75.80600946834306,
              38.196155672287105
            ]
          ]
        ]
      },
      "properties": {
        "class_name": "manure_lagoon",
        "detector": "classical_cv_candidates+sam_refined+barn_proximity+pc_source",
        "farm_name": "S.H.L. Anderson Inc.",
        "county": "Somerset",
        "headcount": 65400,
        "area_px": 988,
        "area_m2": 929.5,
        "solidity": 0.956,
        "sam_score": 0.918,
        "ndwi_mean": -0.0731,
        "tile": "site_0107.tif",
        "candidate_source": "tight",
        "distance_to_barn_m": 36.2
      }
    },
    {
      "type": "Feature",
      "geometry": {
        "type": "Polygon",
        "coordinates": [
          [
            [
              -75.86301427964294,
              38.952055498891646
            ],
            [
              -75.86307220874876,
              38.95207309662283
            ],
            [
              -75.86332569759908,
              38.95203516955974
            ],
            [
              -75.86333647430716,
              38.95197199846446
            ],
            [
              -75.86331229676452,
              38.95188204677229
            ],
            [
              -75.86327745189097,
              38.951864278411314
            ],
            [
              -75.86320819949137,
              38.9518647906395
            ],
            [
              -75.86301242154667,
              38.95190229071331
            ],
            [
              -75.86298988388256,
              38.951947522637944
            ],
            [
              -75.86301427964294,
              38.952055498891646
            ]
          ]
        ]
      },
      "properties": {
        "class_name": "manure_lagoon",
        "detector": "classical_cv_candidates+sam_refined+barn_proximity+pc_source",
        "farm_name": "David Tribbett, Jr./River Road Farm",
        "county": "Caroline",
        "headcount": 56000,
        "area_px": 595,
        "area_m2": 554.1,
        "solidity": 0.951,
        "sam_score": 0.91,
        "ndwi_mean": -0.2223,
        "tile": "site_0095.tif",
        "candidate_source": "tight",
        "distance_to_barn_m": 35.9
      }
    },
    {
      "type": "Feature",
      "geometry": {
        "type": "Polygon",
        "coordinates": [
          [
            [
              -75.60051497895138,
              38.296302140910186
            ],
            [
              -75.60059486214506,
              38.296283704152536
            ],
            [
              -75.60092471246237,
              38.296074695167654
            ],
            [
              -75.60088966984553,
              38.29598473562609
            ],
            [
              -75.60062522326626,
              38.29580581178344
            ],
            [
              -75.60044296322697,
              38.295887869941474
            ],
            [
              -75.60034117983429,
              38.29602359943054
            ],
            [
              -75.6003763703455,
              38.296131586189
            ],
            [
              -75.60051497895138,
              38.296302140910186
            ]
          ]
        ]
      },
      "properties": {
        "class_name": "manure_lagoon",
        "detector": "classical_cv_candidates+sam_refined+barn_proximity+pc_source",
        "farm_name": "Sung Park/Bethel Farm",
        "county": "Wicomico",
        "headcount": 72500,
        "area_px": 1801,
        "area_m2": 1693.2,
        "solidity": 0.964,
        "sam_score": 0.86,
        "ndwi_mean": -0.1836,
        "tile": "site_0112.tif",
        "candidate_source": "tight",
        "distance_to_barn_m": 819.2
      }
    },
    {
      "type": "Feature",
      "geometry": {
        "type": "Polygon",
        "coordinates": [
          [
            [
              -75.3863032938288,
              38.45770382686293
            ],
            [
              -75.38636021280966,
              38.45763155348439
            ],
            [
              -75.38634817542915,
              38.45752346464304
            ],
            [
              -75.38617597725269,
              38.45746996808891
            ],
            [
              -75.38607283135379,
              38.45747030802625
            ],
            [
              -75.38599308690434,
              38.457560677892936
            ],
            [
              -75.38599342300347,
              38.45762375176572
            ],
            [
              -75.38615425679446,
              38.4576953074659
            ],
            [
              -75.38622311702606,
              38.45771310190785
            ],
            [
              -75.3863032938288,
              38.45770382686293
            ]
          ]
        ]
      },
      "properties": {
        "class_name": "manure_lagoon",
        "detector": "classical_cv_candidates+sam_refined+barn_proximity+pc_source",
        "farm_name": "Mohammad Arshad",
        "county": "Wicomico",
        "headcount": 132000,
        "area_px": 699,
        "area_m2": 653.9,
        "solidity": 0.965,
        "sam_score": 0.867,
        "ndwi_mean": -0.1096,
        "tile": "site_0120.tif",
        "candidate_source": "tight",
        "distance_to_barn_m": 134.3
      }
    },
    {
      "type": "Feature",
      "geometry": {
        "type": "Polygon",
        "coordinates": [
          [
            [
              -75.39613751695963,
              38.45994168663622
            ],
            [
              -75.39613643280181,
              38.4597434547811
            ],
            [
              -75.39607912779447,
              38.45974364852758
            ],
            [
              -75.39602172425579,
              38.459725821167744
            ],
            [
              -75.3958959980161,
              38.45978932102425
            ],
            [
              -75.39590775453303,
              38.45984334553004
            ],
            [
              -75.39598827722385,
              38.459897137627806
            ],
            [
              -75.39601139633325,
              38.45993310230566
            ],
            [
              -75.39613751695963,
              38.45994168663622
            ]
          ]
        ]
      },
      "properties": {
        "class_name": "manure_lagoon",
        "detector": "classical_cv_candidates+sam_refined+barn_proximity+pc_source",
        "farm_name": "Mohammad Arshad",
        "county": "Wicomico",
        "headcount": 132000,
        "area_px": 407,
        "area_m2": 369.2,
        "solidity": 0.948,
        "sam_score": 0.646,
        "ndwi_mean": -0.1259,
        "tile": "site_0120.tif",
        "candidate_source": "tight",
        "distance_to_barn_m": 969.0
      }
    },
    {
      "type": "Feature",
      "geometry": {
        "type": "Polygon",
        "coordinates": [
          [
            [
              -75.94475780268269,
              39.140387151137986
            ],
            [
              -75.94464136770422,
              39.14033402330941
            ],
            [
              -75.94453710621234,
              39.140325856384614
            ],
            [
              -75.94445574638297,
              39.14029947991197
            ],
            [
              -75.9443631765804,
              39.14030023002181
            ],
            [
              -75.94434075648915,
              39.14035448329883
            ],
            [
              -75.94426048014631,
              39.14040920533159
            ],
            [
              -75.9442842245665,
              39.14045407263177
            ],
            [
              -75.9444697258065,
              39.14047960533792
            ],
            [
              -75.94453951459099,
              39.140506075575026
            ],
            [
              -75.94463208465844,
              39.14050532532186
            ],
            [
              -75.94475804357639,
              39.140405173055946
            ],
            [
              -75.94475780268269,
              39.140387151137986
            ]
          ]
        ]
      },
      "properties": {
        "class_name": "manure_lagoon",
        "detector": "classical_cv_candidates+sam_refined+barn_proximity+pc_source",
        "farm_name": "Jason L. Sheubrooks/JACA Farm",
        "county": "Queen Anne's",
        "headcount": 155200,
        "area_px": 705,
        "area_m2": 650.1,
        "solidity": 0.927,
        "sam_score": 0.91,
        "ndwi_mean": -0.2963,
        "tile": "site_0136.tif",
        "candidate_source": "tight",
        "distance_to_barn_m": 127.4
      }
    },
    {
      "type": "Feature",
      "geometry": {
        "type": "Polygon",
        "coordinates": [
          [
            [
              -75.945217632192,
              39.14275356123811
            ],
            [
              -75.94528609774339,
              39.14268091049221
            ],
            [
              -75.94529718725418,
              39.14264477281987
            ],
            [
              -75.9453200894103,
              39.14262656319641
            ],
            [
              -75.9453548042196,
              39.14262628161491
            ],
            [
              -75.94535432209004,
              39.14259023779891
            ],
            [
              -75.94518014557704,
              39.14254659082867
            ],
            [
              -75.94504104550222,
              39.142529694972815
            ],
            [
              -75.94496136968576,
              39.142629472266584
            ],
            [
              -75.944962574512,
              39.142719581815776
            ],
            [
              -75.9450092224566,
              39.14274623937681
            ],
            [
              -75.94513687183105,
              39.14277224006063
            ],
            [
              -75.945217632192,
              39.14275356123811
            ]
          ]
        ]
      },
      "properties": {
        "class_name": "manure_lagoon",
        "detector": "classical_cv_candidates+sam_refined+barn_proximity+pc_source",
        "farm_name": "Jason L. Sheubrooks/JACA Farm",
        "county": "Queen Anne's",
        "headcount": 155200,
        "area_px": 680,
        "area_m2": 633.1,
        "solidity": 0.94,
        "sam_score": 0.886,
        "ndwi_mean": -0.1912,
        "tile": "site_0136.tif",
        "candidate_source": "tight",
        "distance_to_barn_m": 63.8
      }
    },
    {
      "type": "Feature",
      "geometry": {
        "type": "Polygon",
        "coordinates": [
          [
            [
              -75.32949496973208,
              38.354359607087346
            ],
            [
              -75.32957503709329,
              38.35435037165223
            ],
            [
              -75.3296319712814,
              38.354287138681975
            ],
            [
              -75.32976758309549,
              38.35390831976693
            ],
            [
              -75.32976713356835,
              38.35380920641496
            ],
            [
              -75.32958386711623,
              38.353773679993374
            ],
            [
              -75.3295496986615,
              38.35380981770621
            ],
            [
              -75.32939152444582,
              38.354260783112984
            ],
            [
              -75.32934595246293,
              38.3543059632163
            ],
            [
              -75.32949496973208,
              38.354359607087346
            ]
          ]
        ]
      },
      "properties": {
        "class_name": "manure_lagoon",
        "detector": "classical_cv_candidates+sam_refined+barn_proximity+pc_source",
        "farm_name": "Michael Lembeck/The Sunrider Farm",
        "county": "Wicomico",
        "headcount": 67600,
        "area_px": 1396,
        "area_m2": 1322.6,
        "solidity": 0.928,
        "sam_score": 0.87,
        "ndwi_mean": -0.1239,
        "tile": "site_0135.tif",
        "candidate_source": "tight",
        "distance_to_barn_m": 998.9
      }
    },
    {
      "type": "Feature",
      "geometry": {
        "type": "Polygon",
        "coordinates": [
          [
            [
              -75.36156211909254,
              38.41679504190686
            ],
            [
              -75.3615732615582,
              38.416731917666816
            ],
            [
              -75.36156158005605,
              38.41668688951571
            ],
            [
              -75.36152707461947,
              38.41665995744699
            ],
            [
              -75.36149265903043,
              38.416651050766816
            ],
            [
              -75.36132080565874,
              38.41665158071189
            ],
            [
              -75.36128656963999,
              38.41667872476964
            ],
            [
              -75.36128697360948,
              38.41675983906575
            ],
            [
              -75.36129861006641,
              38.416795854545015
            ],
            [
              -75.36132161367512,
              38.41681380930314
            ],
            [
              -75.3614934674311,
              38.416813279355004
            ],
            [
              -75.36150496926076,
              38.416822256715356
            ],
            [
              -75.36156211909254,
              38.41679504190686
            ]
          ]
        ]
      },
      "properties": {
        "class_name": "manure_lagoon",
        "detector": "classical_cv_candidates+sam_refined+barn_proximity+pc_source",
        "farm_name": "Daniel Rayne/Rayne Acres",
        "county": "Wicomico",
        "headcount": 100000,
        "area_px": 452,
        "area_m2": 416.9,
        "solidity": 0.968,
        "sam_score": 0.828,
        "ndwi_mean": -0.1984,
        "tile": "site_0139.tif",
        "candidate_source": "tight",
        "distance_to_barn_m": 507.0
      }
    },
    {
      "type": "Feature",
      "geometry": {
        "type": "Polygon",
        "coordinates": [
          [
            [
              -75.83636373170995,
              38.693533432719086
            ],
            [
              -75.83644347657535,
              38.69346978920617
            ],
            [
              -75.83647639372765,
              38.69333439703996
            ],
            [
              -75.83644116818446,
              38.69327157587975
            ],
            [
              -75.83637155662316,
              38.693218011100285
            ],
            [
              -75.83627937080344,
              38.69320064951131
            ],
            [
              -75.83619952118907,
              38.69325528321611
            ],
            [
              -75.8361545820639,
              38.69334570903484
            ],
            [
              -75.83625920920205,
              38.69344407577448
            ],
            [
              -75.83629464449217,
              38.69352491638206
            ],
            [
              -75.83636373170995,
              38.693533432719086
            ]
          ]
        ]
      },
      "properties": {
        "class_name": "manure_lagoon",
        "detector": "classical_cv_candidates+sam_refined+barn_proximity+pc_source",
        "farm_name": "Roland Todd/Roland's Roaster's",
        "county": "Dorchester",
        "headcount": 159900,
        "area_px": 721,
        "area_m2": 671.8,
        "solidity": 0.943,
        "sam_score": 0.862,
        "ndwi_mean": -0.1496,
        "tile": "site_0146.tif",
        "candidate_source": "tight",
        "distance_to_barn_m": 258.2
      }
    },
    {
      "type": "Feature",
      "geometry": {
        "type": "Polygon",
        "coordinates": [
          [
            [
              -75.97522008158418,
              38.57054002285764
            ],
            [
              -75.97558754250255,
              38.570554988221105
            ],
            [
              -75.97591935763457,
              38.570480111599046
            ],
            [
              -75.97594133322663,
              38.570407817926245
            ],
            [
              -75.9757438113566,
              38.57022918861408
            ],
            [
              -75.97555874098602,
              38.57012256562397
            ],
            [
              -75.97533191240127,
              38.570322759705775
            ],
            [
              -75.97522008158418,
              38.57054002285764
            ]
          ]
        ]
      },
      "properties": {
        "class_name": "manure_lagoon",
        "detector": "classical_cv_candidates+sam_refined+barn_proximity+pc_source",
        "farm_name": "William M. Twilley/Springdale Farm",
        "county": "Dorchester",
        "headcount": 70000,
        "area_px": 1913,
        "area_m2": 1823.2,
        "solidity": 0.961,
        "sam_score": 0.938,
        "ndwi_mean": -0.1186,
        "tile": "site_0145.tif",
        "candidate_source": "tight",
        "distance_to_barn_m": 921.5
      }
    },
    {
      "type": "Feature",
      "geometry": {
        "type": "Polygon",
        "coordinates": [
          [
            [
              -75.57041786433955,
              38.018910226490966
            ],
            [
              -75.57062196988906,
              38.018792056504395
            ],
            [
              -75.57065613885699,
              38.01879189068206
            ],
            [
              -75.57065320327142,
              38.01841332445367
            ],
            [
              -75.57058500545857,
              38.01843168304795
            ],
            [
              -75.57052903576505,
              38.01855814812424
            ],
            [
              -75.57042764705716,
              38.01870286115915
            ],
            [
              -75.57037167689192,
              38.01882932615851
            ],
            [
              -75.57037209605731,
              38.01888340704861
            ],
            [
              -75.57041786433955,
              38.018910226490966
            ]
          ]
        ]
      },
      "properties": {
        "class_name": "manure_lagoon",
        "detector": "classical_cv_candidates+sam_refined+barn_proximity+pc_source",
        "farm_name": "Chicken City, LTD. c/o Brian Derrickson",
        "county": "Worcester",
        "headcount": 213500,
        "area_px": 825,
        "area_m2": 751.5,
        "solidity": 0.943,
        "sam_score": 0.673,
        "ndwi_mean": -0.111,
        "tile": "site_0153.tif",
        "candidate_source": "tight",
        "distance_to_barn_m": 905.1
      }
    },
    {
      "type": "Feature",
      "geometry": {
        "type": "Polygon",
        "coordinates": [
          [
            [
              -75.57034568134259,
              38.01988406917078
            ],
            [
              -75.57055104762534,
              38.01992814194441
            ],
            [
              -75.57060743764592,
              38.01985575775796
            ],
            [
              -75.57066417705138,
              38.01982844094329
            ],
            [
              -75.57066152090675,
              38.01948592870349
            ],
            [
              -75.57053630339078,
              38.01949555016571
            ],
            [
              -75.57045692439925,
              38.019541004396494
            ],
            [
              -75.57034442386286,
              38.01972182652592
            ],
            [
              -75.57034470330193,
              38.01975788044738
            ],
            [
              -75.57041346134746,
              38.01981162982797
            ],
            [
              -75.57034568134259,
              38.01988406917078
            ]
          ]
        ]
      },
      "properties": {
        "class_name": "manure_lagoon",
        "detector": "classical_cv_candidates+sam_refined+barn_proximity+pc_source",
        "farm_name": "Chicken City, LTD. c/o Brian Derrickson",
        "county": "Worcester",
        "headcount": 213500,
        "area_px": 1093,
        "area_m2": 1028.1,
        "solidity": 0.932,
        "sam_score": 0.842,
        "ndwi_mean": -0.1394,
        "tile": "site_0153.tif",
        "candidate_source": "tight",
        "distance_to_barn_m": 850.8
      }
    },
    {
      "type": "Feature",
      "geometry": {
        "type": "Polygon",
        "coordinates": [
          [
            [
              -75.5003338191336,
              38.06016002413034
            ],
            [
              -75.50040222460134,
              38.06015973293791
            ],
            [
              -75.500584086583,
              38.06007784100753
            ],
            [
              -75.50057207170792,
              38.05998776153335
            ],
            [
              -75.50039970816329,
              38.0597902080156
            ],
            [
              -75.50028625188219,
              38.05987180853808
            ],
            [
              -75.50021796938901,
              38.059890125267934
            ],
            [
              -75.50019541305423,
              38.05992627351366
            ],
            [
              -75.50020736610422,
              38.06000734022739
            ],
            [
              -75.5003338191336,
              38.06016002413034
            ]
          ]
        ]
      },
      "properties": {
        "class_name": "manure_lagoon",
        "detector": "classical_cv_candidates+sam_refined+barn_proximity+pc_source",
        "farm_name": "Jason Lambertson/Amen Corner/Pure Country/Millennium/RavenDiane Lambertson/ Farms (Expansion)",
        "county": "Worcester",
        "headcount": 346000,
        "area_px": 947,
        "area_m2": 884.9,
        "solidity": 0.951,
        "sam_score": 0.884,
        "ndwi_mean": 0.0101,
        "tile": "site_0163.tif",
        "candidate_source": "tight",
        "distance_to_barn_m": 130.7
      }
    },
    {
      "type": "Feature",
      "geometry": {
        "type": "Polygon",
        "coordinates": [
          [
            [
              -75.49830888425106,
              38.06586488008704
            ],
            [
              -75.49836528185416,
              38.065774510412986
            ],
            [
              -75.49845441703081,
              38.065467688529694
            ],
            [
              -75.49840832092448,
              38.06539577955078
            ],
            [
              -75.49828247402418,
              38.06533322172421
            ],
            [
              -75.49817979744819,
              38.06532464389956
            ],
            [
              -75.49815717735436,
              38.06535177894152
            ],
            [
              -75.49817010694683,
              38.06557705055804
            ],
            [
              -75.4981140759029,
              38.065721496926116
            ],
            [
              -75.49822894940334,
              38.0658471928353
            ],
            [
              -75.49830888425106,
              38.06586488008704
            ]
          ]
        ]
      },
      "properties": {
        "class_name": "manure_lagoon",
        "detector": "classical_cv_candidates+sam_refined+barn_proximity+pc_source",
        "farm_name": "Jason Lambertson/Amen Corner/Pure Country/Millennium/RavenDiane Lambertson/ Farms (Expansion)",
        "county": "Worcester",
        "headcount": 346000,
        "area_px": 1279,
        "area_m2": 1193.7,
        "solidity": 0.92,
        "sam_score": 0.885,
        "ndwi_mean": 0.0379,
        "tile": "site_0163.tif",
        "candidate_source": "tight",
        "distance_to_barn_m": 195.6
      }
    },
    {
      "type": "Feature",
      "geometry": {
        "type": "Polygon",
        "coordinates": [
          [
            [
              -75.50623429863995,
              38.06931005030214
            ],
            [
              -75.50623336695082,
              38.06917485859232
            ],
            [
              -75.5062101275842,
              38.069111867345725
            ],
            [
              -75.50616433211157,
              38.06908502542764
            ],
            [
              -75.50602769093628,
              38.069112652938905
            ],
            [
              -75.5059702449228,
              38.06904980890981
            ],
            [
              -75.5059245116499,
              38.06903197967851
            ],
            [
              -75.5058562221108,
              38.06905029970535
            ],
            [
              -75.50578811870989,
              38.069095658037284
            ],
            [
              -75.50577708875906,
              38.06914978379304
            ],
            [
              -75.50586886574266,
              38.069230506257206
            ],
            [
              -75.50613186405072,
              38.0693375305982
            ],
            [
              -75.50623429863995,
              38.06931005030214
            ]
          ]
        ]
      },
      "properties": {
        "class_name": "manure_lagoon",
        "detector": "classical_cv_candidates+sam_refined+barn_proximity+pc_source",
        "farm_name": "Jason Lambertson/Amen Corner/Pure Country/Millennium/RavenDiane Lambertson/ Farms (Expansion)",
        "county": "Worcester",
        "headcount": 346000,
        "area_px": 909,
        "area_m2": 857.8,
        "solidity": 0.91,
        "sam_score": 0.824,
        "ndwi_mean": 0.0624,
        "tile": "site_0163.tif",
        "candidate_source": "tight",
        "distance_to_barn_m": 153.6
      }
    },
    {
      "type": "Feature",
      "geometry": {
        "type": "Polygon",
        "coordinates": [
          [
            [
              -75.5426717272659,
              38.050258715617574
            ],
            [
              -75.54292239835213,
              38.05024854678506
            ],
            [
              -75.5429213334586,
              38.050104369775994
            ],
            [
              -75.54287461354636,
              38.04995139224095
            ],
            [
              -75.54280589813341,
              38.049906652701246
            ],
            [
              -75.54257802241956,
              38.0499167160709
            ],
            [
              -75.54260234651842,
              38.05012386532728
            ],
            [
              -75.5426717272659,
              38.050258715617574
            ]
          ]
        ]
      },
      "properties": {
        "class_name": "manure_lagoon",
        "detector": "classical_cv_candidates+sam_refined+barn_proximity+pc_source",
        "farm_name": "Aberdeen Farm LLC",
        "county": "Worcester",
        "headcount": 108000,
        "area_px": 1040,
        "area_m2": 982.6,
        "solidity": 0.965,
        "sam_score": 0.861,
        "ndwi_mean": 0.0823,
        "tile": "site_0148.tif",
        "candidate_source": "tight",
        "distance_to_barn_m": 646.3
      }
    },
    {
      "type": "Feature",
      "geometry": {
        "type": "Polygon",
        "coordinates": [
          [
            [
              -75.4565429130169,
              38.01597819153166
            ],
            [
              -75.45650834004397,
              38.015915235597596
            ],
            [
              -75.45656497395696,
              38.01586093843718
            ],
            [
              -75.45656458258978,
              38.01579784979579
            ],
            [
              -75.45651867174199,
              38.01574395076413
            ],
            [
              -75.45646164660566,
              38.015735159260004
            ],
            [
              -75.45619992331649,
              38.01579025221818
            ],
            [
              -75.45600628361021,
              38.01580001618638
            ],
            [
              -75.45596093152314,
              38.0158362435729
            ],
            [
              -75.45606414646977,
              38.01594399786548
            ],
            [
              -75.45633860545158,
              38.01610516490419
            ],
            [
              -75.45644109469201,
              38.01609575423915
            ],
            [
              -75.4565429130169,
              38.01597819153166
            ]
          ]
        ]
      },
      "properties": {
        "class_name": "manure_lagoon",
        "detector": "classical_cv_candidates+sam_refined+barn_proximity+pc_source",
        "farm_name": "Joseph E. Chisholm Jr./Big Mill Pond Farm",
        "county": "Worcester",
        "headcount": 65400,
        "area_px": 1441,
        "area_m2": 1368.8,
        "solidity": 0.927,
        "sam_score": 0.891,
        "ndwi_mean": -0.0571,
        "tile": "site_0152.tif",
        "candidate_source": "tight",
        "distance_to_barn_m": null
      }
    },
    {
      "type": "Feature",
      "geometry": {
        "type": "Polygon",
        "coordinates": [
          [
            [
              -75.54682168566698,
              38.015321995165756
            ],
            [
              -75.54692375808153,
              38.01525843112209
            ],
            [
              -75.54708306553172,
              38.01523065176324
            ],
            [
              -75.54711704490752,
              38.01520345538338
            ],
            [
              -75.54710498151371,
              38.0151133838935
            ],
            [
              -75.54700123492026,
              38.0149516368335
            ],
            [
              -75.54691015459687,
              38.0149610732493
            ],
            [
              -75.54684145930958,
              38.01491632892275
            ],
            [
              -75.5465799463907,
              38.014989646884594
            ],
            [
              -75.54667283420575,
              38.01522354689645
            ],
            [
              -75.54676458441449,
              38.01530423516668
            ],
            [
              -75.54682168566698,
              38.015321995165756
            ]
          ]
        ]
      },
      "properties": {
        "class_name": "manure_lagoon",
        "detector": "classical_cv_candidates+sam_refined+barn_proximity+pc_source",
        "farm_name": "Ricky Scott Holland/Railroad Farm",
        "county": "Worcester",
        "headcount": 104000,
        "area_px": 1473,
        "area_m2": 1395.2,
        "solidity": 0.931,
        "sam_score": 0.91,
        "ndwi_mean": 0.0601,
        "tile": "site_0161.tif",
        "candidate_source": "tight",
        "distance_to_barn_m": 565.8
      }
    },
    {
      "type": "Feature",
      "geometry": {
        "type": "Polygon",
        "coordinates": [
          [
            [
              -75.52647451809469,
              38.018555241458046
            ],
            [
              -75.52655413314433,
              38.018536862639
            ],
            [
              -75.52658798674295,
              38.018491655222576
            ],
            [
              -75.52668806401887,
              38.0181487828094
            ],
            [
              -75.52668741912288,
              38.01805867406569
            ],
            [
              -75.52660748222513,
              38.01803199859961
            ],
            [
              -75.52651647581236,
              38.01805042846257
            ],
            [
              -75.52646074097821,
              38.01822189011618
            ],
            [
              -75.52634804601384,
              38.018393606723514
            ],
            [
              -75.52641742918006,
              38.01853747472767
            ],
            [
              -75.52647451809469,
              38.018555241458046
            ]
          ]
        ]
      },
      "properties": {
        "class_name": "manure_lagoon",
        "detector": "classical_cv_candidates+sam_refined+barn_proximity+pc_source",
        "farm_name": "Van Bawi Thawng/Mt. Moriah Farm",
        "county": "Worcester",
        "headcount": 112000,
        "area_px": 1114,
        "area_m2": 1040.1,
        "solidity": 0.933,
        "sam_score": 0.906,
        "ndwi_mean": 0.0434,
        "tile": "site_0170.tif",
        "candidate_source": "tight",
        "distance_to_barn_m": 136.0
      }
    },
    {
      "type": "Feature",
      "geometry": {
        "type": "Polygon",
        "coordinates": [
          [
            [
              -75.52674844206759,
              38.01862610397686
            ],
            [
              -75.52685084113766,
              38.01860762288905
            ],
            [
              -75.52693000450442,
              38.01852616770241
            ],
            [
              -75.52692910122387,
              38.01840001547385
            ],
            [
              -75.52698496414675,
              38.01824657535793
            ],
            [
              -75.52699551723997,
              38.01812938294263
            ],
            [
              -75.52688133985554,
              38.01809384995425
            ],
            [
              -75.52676754957608,
              38.01811238209968
            ],
            [
              -75.52674592665802,
              38.01827467990056
            ],
            [
              -75.52668999872412,
              38.01841910903213
            ],
            [
              -75.52667989653573,
              38.01859937753381
            ],
            [
              -75.52674844206759,
              38.01862610397686
            ]
          ]
        ]
      },
      "properties": {
        "class_name": "manure_lagoon",
        "detector": "classical_cv_candidates+sam_refined+barn_proximity+pc_source",
        "farm_name": "Van Bawi Thawng/Mt. Moriah Farm",
        "county": "Worcester",
        "headcount": 112000,
        "area_px": 1221,
        "area_m2": 1135.1,
        "solidity": 0.926,
        "sam_score": 0.89,
        "ndwi_mean": 0.0136,
        "tile": "site_0170.tif",
        "candidate_source": "tight",
        "distance_to_barn_m": 156.6
      }
    },
    {
      "type": "Feature",
      "geometry": {
        "type": "Polygon",
        "coordinates": [
          [
            [
              -75.5063255422254,
              38.043850900549835
            ],
            [
              -75.50631389570974,
              38.04381489878245
            ],
            [
              -75.50622239944187,
              38.043770227897085
            ],
            [
              -75.50592567301074,
              38.04371742735304
            ],
            [
              -75.50584594737016,
              38.04372678341075
            ],
            [
              -75.50580085043816,
              38.043799081305664
            ],
            [
              -75.50581286872274,
              38.04388915941743
            ],
            [
              -75.50590424086408,
              38.04391580519125
            ],
            [
              -75.50625771121746,
              38.04393230951153
            ],
            [
              -75.50629178189638,
              38.043914136821954
            ],
            [
              -75.5063255422254,
              38.043850900549835
            ]
          ]
        ]
      },
      "properties": {
        "class_name": "manure_lagoon",
        "detector": "classical_cv_candidates+sam_refined+barn_proximity+pc_source",
        "farm_name": "Todd Hite/Hite Farms, LLC",
        "county": "Worcester",
        "headcount": 85400,
        "area_px": 890,
        "area_m2": 833.8,
        "solidity": 0.955,
        "sam_score": 0.882,
        "ndwi_mean": 0.0958,
        "tile": "site_0178.tif",
        "candidate_source": "tight",
        "distance_to_barn_m": null
      }
    },
    {
      "type": "Feature",
      "geometry": {
        "type": "Polygon",
        "coordinates": [
          [
            [
              -75.50482940797873,
              38.051725663190865
            ],
            [
              -75.50492060380962,
              38.0517252715143
            ],
            [
              -75.50500009055254,
              38.05167986521749
            ],
            [
              -75.50502177486344,
              38.05151753859122
            ],
            [
              -75.5050896760848,
              38.05144514309326
            ],
            [
              -75.50508918063026,
              38.05137304145578
            ],
            [
              -75.50498584278715,
              38.051265329771034
            ],
            [
              -75.5049287219267,
              38.05124754919604
            ],
            [
              -75.50481503736805,
              38.05129310230978
            ],
            [
              -75.5047584735453,
              38.051356435999324
            ],
            [
              -75.50471510375466,
              38.05168108916335
            ],
            [
              -75.50482940797873,
              38.051725663190865
            ]
          ]
        ]
      },
      "properties": {
        "class_name": "manure_lagoon",
        "detector": "classical_cv_candidates+sam_refined+barn_proximity+pc_source",
        "farm_name": "Todd Hite/Hite Farms, LLC",
        "county": "Worcester",
        "headcount": 85400,
        "area_px": 1313,
        "area_m2": 1253.2,
        "solidity": 0.94,
        "sam_score": 0.889,
        "ndwi_mean": 0.0007,
        "tile": "site_0178.tif",
        "candidate_source": "tight",
        "distance_to_barn_m": null
      }
    },
    {
      "type": "Feature",
      "geometry": {
        "type": "Polygon",
        "coordinates": [
          [
            [
              -75.50724687766429,
              38.0439086803725
            ],
            [
              -75.50726930180676,
              38.0438545040104
            ],
            [
              -75.5072577166428,
              38.043827514197034
            ],
            [
              -75.50718895192774,
              38.04377373128262
            ],
            [
              -75.50699486491608,
              38.043729502131136
            ],
            [
              -75.50686954248481,
              38.04373905580213
            ],
            [
              -75.5068469938166,
              38.04377520609118
            ],
            [
              -75.50684761514052,
              38.043865336089084
            ],
            [
              -75.50687059878275,
              38.04389227679814
            ],
            [
              -75.50715587518185,
              38.043936112795755
            ],
            [
              -75.50722420477362,
              38.04392680473377
            ],
            [
              -75.50724687766429,
              38.0439086803725
            ]
          ]
        ]
      },
      "properties": {
        "class_name": "manure_lagoon",
        "detector": "classical_cv_candidates+sam_refined+barn_proximity+pc_source",
        "farm_name": "Tue D. Nguyen",
        "county": "Worcester",
        "headcount": 168000,
        "area_px": 685,
        "area_m2": 642.7,
        "solidity": 0.959,
        "sam_score": 0.879,
        "ndwi_mean": 0.1098,
        "tile": "site_0180.tif",
        "candidate_source": "tight",
        "distance_to_barn_m": 62.9
      }
    },
    {
      "type": "Feature",
      "geometry": {
        "type": "Polygon",
        "coordinates": [
          [
            [
              -75.50603541758339,
              38.051728399335495
            ],
            [
              -75.50614916771204,
              38.0516918565891
            ],
            [
              -75.50619340151138,
              38.05149337448908
            ],
            [
              -75.50623856619553,
              38.0514300872031
            ],
            [
              -75.50623819374766,
              38.0513760092692
            ],
            [
              -75.5061233270632,
              38.051250318293384
            ],
            [
              -75.50600951555592,
              38.051277848023275
            ],
            [
              -75.50594179936058,
              38.05137728531196
            ],
            [
              -75.50592073679442,
              38.05162974713778
            ],
            [
              -75.50603541758339,
              38.051728399335495
            ]
          ]
        ]
      },
      "properties": {
        "class_name": "manure_lagoon",
        "detector": "classical_cv_candidates+sam_refined+barn_proximity+pc_source",
        "farm_name": "Tue D. Nguyen",
        "county": "Worcester",
        "headcount": 168000,
        "area_px": 1143,
        "area_m2": 1040.1,
        "solidity": 0.954,
        "sam_score": 0.904,
        "ndwi_mean": -0.0051,
        "tile": "site_0180.tif",
        "candidate_source": "tight",
        "distance_to_barn_m": 91.4
      }
    },
    {
      "type": "Feature",
      "geometry": {
        "type": "Polygon",
        "coordinates": [
          [
            [
              -75.38119008768295,
              38.31400740057627
            ],
            [
              -75.38123617168687,
              38.31407032859067
            ],
            [
              -75.38131647675557,
              38.31411512311778
            ],
            [
              -75.38155658980969,
              38.314096320068025
            ],
            [
              -75.38162507881817,
              38.31406906392117
            ],
            [
              -75.3816705964264,
              38.31402386025842
            ],
            [
              -75.38170434488126,
              38.31391561708984
            ],
            [
              -75.38164682216266,
              38.313852726476945
            ],
            [
              -75.38153224918861,
              38.31381705475531
            ],
            [
              -75.38145218035159,
              38.31381731516905
            ],
            [
              -75.38120086565746,
              38.31388120997262
            ],
            [
              -75.3811667862674,
              38.313926376285494
            ],
            [
              -75.38119008768295,
              38.31400740057627
            ]
          ]
        ]
      },
      "properties": {
        "class_name": "manure_lagoon",
        "detector": "classical_cv_candidates+sam_refined+barn_proximity+pc_source",
        "farm_name": "Hieu Vu",
        "county": "Wicomico",
        "headcount": 123700,
        "area_px": 1250,
        "area_m2": 1184.2,
        "solidity": 0.973,
        "sam_score": 0.907,
        "ndwi_mean": -0.0066,
        "tile": "site_0183.tif",
        "candidate_source": "tight",
        "distance_to_barn_m": 1181.9
      }
    },
    {
      "type": "Feature",
      "geometry": {
        "type": "Polygon",
        "coordinates": [
          [
            [
              -75.78618024307464,
              38.56814773393386
            ],
            [
              -75.78629491200643,
              38.56813795355559
            ],
            [
              -75.78634062245588,
              38.568119626193166
            ],
            [
              -75.7863746597766,
              38.56808335694147
            ],
            [
              -75.78632669089232,
              38.56789446610302
            ],
            [
              -75.78626881660084,
              38.56784980413653
            ],
            [
              -75.78613129295812,
              38.567868748131694
            ],
            [
              -75.78609735377835,
              38.567914026802356
            ],
            [
              -75.78614532207766,
              38.5681029177404
            ],
            [
              -75.78618024307464,
              38.56814773393386
            ]
          ]
        ]
      },
      "properties": {
        "class_name": "manure_lagoon",
        "detector": "classical_cv_candidates+sam_refined+barn_proximity+pc_source",
        "farm_name": "Sunny Apartments, LLC (Mohammed Ahmad)",
        "county": "Dorchester",
        "headcount": 80000,
        "area_px": 635,
        "area_m2": 594.7,
        "solidity": 0.952,
        "sam_score": 0.907,
        "ndwi_mean": -0.14,
        "tile": "site_0216.tif",
        "candidate_source": "tight",
        "distance_to_barn_m": 124.0
      }
    },
    {
      "type": "Feature",
      "geometry": {
        "type": "Polygon",
        "coordinates": [
          [
            [
              -75.80242881552465,
              38.67661561252395
            ],
            [
              -75.8025077716836,
              38.67647990651633
            ],
            [
              -75.80249567297183,
              38.676425923833044
            ],
            [
              -75.80224167603042,
              38.67632854595208
            ],
            [
              -75.8021380198062,
              38.67631123503695
            ],
            [
              -75.80210393703841,
              38.67634751259584
            ],
            [
              -75.80207096039284,
              38.6764829030145
            ],
            [
              -75.80216382581487,
              38.67656336465308
            ],
            [
              -75.8023944309603,
              38.67662485938618
            ],
            [
              -75.80242881552465,
              38.67661561252395
            ]
          ]
        ]
      },
      "properties": {
        "class_name": "manure_lagoon",
        "detector": "classical_cv_candidates+sam_refined+barn_proximity+pc_source",
        "farm_name": "Randy Collins/Home Farm",
        "county": "Caroline",
        "headcount": 84000,
        "area_px": 924,
        "area_m2": 877.0,
        "solidity": 0.958,
        "sam_score": 0.858,
        "ndwi_mean": -0.113,
        "tile": "site_0218.tif",
        "candidate_source": "tight",
        "distance_to_barn_m": 471.0
      }
    },
    {
      "type": "Feature",
      "geometry": {
        "type": "Polygon",
        "coordinates": [
          [
            [
              -75.86485028445958,
              38.94740919008896
            ],
            [
              -75.86499992704007,
              38.947381053977765
            ],
            [
              -75.86502278052234,
              38.947362866498345
            ],
            [
              -75.86498663908594,
              38.947237007641284
            ],
            [
              -75.86498554426396,
              38.94714692524258
            ],
            [
              -75.86495038830394,
              38.9471021405288
            ],
            [
              -75.86486996341847,
              38.94712976367729
            ],
            [
              -75.86478921009837,
              38.947130362049705
            ],
            [
              -75.86474350314816,
              38.947166736913765
            ],
            [
              -75.86475679059491,
              38.94731078328541
            ],
            [
              -75.86479238437315,
              38.947391601016335
            ],
            [
              -75.86485028445958,
              38.94740919008896
            ]
          ]
        ]
      },
      "properties": {
        "class_name": "manure_lagoon",
        "detector": "classical_cv_candidates+sam_refined+barn_proximity+pc_source",
        "farm_name": "William Moore, III",
        "county": "Caroline",
        "headcount": 62200,
        "area_px": 670,
        "area_m2": 620.1,
        "solidity": 0.939,
        "sam_score": 0.889,
        "ndwi_mean": -0.1504,
        "tile": "site_0232.tif",
        "candidate_source": "tight",
        "distance_to_barn_m": 578.8
      }
    },
    {
      "type": "Feature",
      "geometry": {
        "type": "Polygon",
        "coordinates": [
          [
            [
              -75.86418085467561,
              38.947387121538156
            ],
            [
              -75.86421579152857,
              38.94741389000279
            ],
            [
              -75.86434269012662,
              38.94741295029591
            ],
            [
              -75.86459604957038,
              38.947375037506376
            ],
            [
              -75.86461890315545,
              38.94735685010486
            ],
            [
              -75.86458210584726,
              38.94717694166956
            ],
            [
              -75.86455881459722,
              38.947159096100236
            ],
            [
              -75.86443191645897,
              38.94716003603698
            ],
            [
              -75.86419075017572,
              38.947251912496014
            ],
            [
              -75.86416811527087,
              38.94728811629823
            ],
            [
              -75.86418085467561,
              38.947387121538156
            ]
          ]
        ]
      },
      "properties": {
        "class_name": "manure_lagoon",
        "detector": "classical_cv_candidates+sam_refined+barn_proximity+pc_source",
        "farm_name": "William Moore, III",
        "county": "Caroline",
        "headcount": 62200,
        "area_px": 904,
        "area_m2": 858.2,
        "solidity": 0.966,
        "sam_score": 0.868,
        "ndwi_mean": -0.1782,
        "tile": "site_0232.tif",
        "candidate_source": "tight",
        "distance_to_barn_m": 562.8
      }
    },
    {
      "type": "Feature",
      "geometry": {
        "type": "Polygon",
        "coordinates": [
          [
            [
              -75.86300295333334,
              38.95205351520982
            ],
            [
              -75.86302624582389,
              38.95207136106105
            ],
            [
              -75.86311854178271,
              38.95207067852402
            ],
            [
              -75.86331423352652,
              38.952033194945216
            ],
            [
              -75.86334851660895,
              38.95200591420831
            ],
            [
              -75.86331237561275,
              38.951880054925155
            ],
            [
              -75.863289083115,
              38.95186220913055
            ],
            [
              -75.86324293527326,
              38.95186255047409
            ],
            [
              -75.86302417002275,
              38.95190020455591
            ],
            [
              -75.8629899961124,
              38.95193649343615
            ],
            [
              -75.86300295333334,
              38.95205351520982
            ]
          ]
        ]
      },
      "properties": {
        "class_name": "manure_lagoon",
        "detector": "classical_cv_candidates+sam_refined+barn_proximity+pc_source",
        "farm_name": "William Moore, III",
        "county": "Caroline",
        "headcount": 62200,
        "area_px": 607,
        "area_m2": 567.1,
        "solidity": 0.96,
        "sam_score": 0.904,
        "ndwi_mean": -0.2224,
        "tile": "site_0232.tif",
        "candidate_source": "tight",
        "distance_to_barn_m": 35.2
      }
    },
    {
      "type": "Feature",
      "geometry": {
        "type": "Polygon",
        "coordinates": [
          [
            [
              -75.38652121701702,
              38.01799110422271
            ],
            [
              -75.3866581990249,
              38.01804471775989
            ],
            [
              -75.38678350557893,
              38.01804430565245
            ],
            [
              -75.38687435341119,
              38.017989942899696
            ],
            [
              -75.3870905074726,
              38.01793516764338
            ],
            [
              -75.38712449234289,
              38.01789901316918
            ],
            [
              -75.38710066669009,
              38.017700857338745
            ],
            [
              -75.38706639755532,
              38.017682948850855
            ],
            [
              -75.38687283766171,
              38.01770160713447
            ],
            [
              -75.38667956172662,
              38.01777432805807
            ],
            [
              -75.38652022321192,
              38.01780188387054
            ],
            [
              -75.38647498856952,
              38.01786510709215
            ],
            [
              -75.38652121701702,
              38.01799110422271
            ]
          ]
        ]
      },
      "properties": {
        "class_name": "manure_lagoon",
        "detector": "classical_cv_candidates+sam_refined+barn_proximity+pc_source",
        "farm_name": "Rowland Farms, LLC",
        "county": "Worcester",
        "headcount": 95000,
        "area_px": 1688,
        "area_m2": 1580.7,
        "solidity": 0.95,
        "sam_score": 0.885,
        "ndwi_mean": 0.1916,
        "tile": "site_0231.tif",
        "candidate_source": "tight",
        "distance_to_barn_m": null
      }
    },
    {
      "type": "Feature",
      "geometry": {
        "type": "Polygon",
        "coordinates": [
          [
            [
              -75.5531253465937,
              38.11439088992254
            ],
            [
              -75.553113261612,
              38.11430080416774
            ],
            [
              -75.55284978852352,
              38.11414880173624
            ],
            [
              -75.55273573749021,
              38.11414933835087
            ],
            [
              -75.55256506843227,
              38.1142042267408
            ],
            [
              -75.55256547593106,
              38.114258310415835
            ],
            [
              -75.5527829885404,
              38.114365458409566
            ],
            [
              -75.55301149910439,
              38.114418468642214
            ],
            [
              -75.55307992997267,
              38.11441814652419
            ],
            [
              -75.5531253465937,
              38.11439088992254
            ]
          ]
        ]
      },
      "properties": {
        "class_name": "manure_lagoon",
        "detector": "classical_cv_candidates+sam_refined+barn_proximity+pc_source",
        "farm_name": "Newton Bui/Vina Cao",
        "county": "Worcester",
        "headcount": 354500,
        "area_px": 986,
        "area_m2": 914.2,
        "solidity": 0.966,
        "sam_score": 0.911,
        "ndwi_mean": -0.1735,
        "tile": "site_0213.tif",
        "candidate_source": "tight",
        "distance_to_barn_m": 334.5
      }
    },
    {
      "type": "Feature",
      "geometry": {
        "type": "Polygon",
        "coordinates": [
          [
            [
              -75.54324784163128,
              38.002123287020204
            ],
            [
              -75.5432693587043,
              38.001951964285404
            ],
            [
              -75.54307366627364,
              38.00167350373093
            ],
            [
              -75.54297088973888,
              38.001637931275326
            ],
            [
              -75.54280050357316,
              38.001701800114006
            ],
            [
              -75.54277825479768,
              38.001773996844356
            ],
            [
              -75.54305427551093,
              38.00213319277203
            ],
            [
              -75.54317963367157,
              38.002141625588266
            ],
            [
              -75.54324784163128,
              38.002123287020204
            ]
          ]
        ]
      },
      "properties": {
        "class_name": "manure_lagoon",
        "detector": "classical_cv_candidates+sam_refined+barn_proximity+pc_source",
        "farm_name": "Bunting Farms, Inc",
        "county": "Worcester",
        "headcount": 162000,
        "area_px": 1532,
        "area_m2": 1446.5,
        "solidity": 0.964,
        "sam_score": 0.887,
        "ndwi_mean": -0.0258,
        "tile": "site_0238.tif",
        "candidate_source": "tight",
        "distance_to_barn_m": 827.6
      }
    },
    {
      "type": "Feature",
      "geometry": {
        "type": "Polygon",
        "coordinates": [
          [
            [
              -75.54677425358373,
              38.01530013626991
            ],
            [
              -75.54708130666025,
              38.01522661423861
            ],
            [
              -75.54711528221111,
              38.01519942096282
            ],
            [
              -75.54703379561356,
              38.01496549500801
            ],
            [
              -75.5467373993634,
              38.01493983829651
            ],
            [
              -75.54658956938911,
              38.01497657248445
            ],
            [
              -75.54667112152485,
              38.01521951017946
            ],
            [
              -75.54677425358373,
              38.01530013626991
            ]
          ]
        ]
      },
      "properties": {
        "class_name": "manure_lagoon",
        "detector": "classical_cv_candidates+sam_refined+barn_proximity+pc_source",
        "farm_name": "Bunting Farms, Inc",
        "county": "Worcester",
        "headcount": 162000,
        "area_px": 1402,
        "area_m2": 1329.4,
        "solidity": 0.95,
        "sam_score": 0.886,
        "ndwi_mean": 0.0621,
        "tile": "site_0238.tif",
        "candidate_source": "tight",
        "distance_to_barn_m": 813.9
      }
    },
    {
      "type": "Feature",
      "geometry": {
        "type": "Polygon",
        "coordinates": [
          [
            [
              -75.56451741477193,
              38.2069309254784
            ],
            [
              -75.56447125038304,
              38.2068680493959
            ],
            [
              -75.56436792017536,
              38.20679643411292
            ],
            [
              -75.56419670086252,
              38.206806271099
            ],
            [
              -75.56407150635359,
              38.20686095674868
            ],
            [
              -75.5640719237174,
              38.206915038794435
            ],
            [
              -75.56426681687421,
              38.207013256305174
            ],
            [
              -75.56443803666085,
              38.20700341921346
            ],
            [
              -75.56449485466422,
              38.20696708999134
            ],
            [
              -75.56451741477193,
              38.2069309254784
            ]
          ]
        ]
      },
      "properties": {
        "class_name": "manure_lagoon",
        "detector": "classical_cv_candidates+sam_refined+barn_proximity+pc_source",
        "farm_name": "Stephen Pusey/Sunset Cielo Farm",
        "county": "Worcester",
        "headcount": 60000,
        "area_px": 722,
        "area_m2": 673.0,
        "solidity": 0.969,
        "sam_score": 0.873,
        "ndwi_mean": -0.2102,
        "tile": "site_0245.tif",
        "candidate_source": "tight",
        "distance_to_barn_m": 242.3
      }
    },
    {
      "type": "Feature",
      "geometry": {
        "type": "Polygon",
        "coordinates": [
          [
            [
              -77.51352468342175,
              39.41054199682244
            ],
            [
              -77.51380284417881,
              39.410526974026055
            ],
            [
              -77.51382540429003,
              39.41050846843408
            ],
            [
              -77.51384408297524,
              39.4103819399086
            ],
            [
              -77.5139098223573,
              39.41027241163752
            ],
            [
              -77.51387210089888,
              39.4101921471141
            ],
            [
              -77.51372190291272,
              39.41021341239949
            ],
            [
              -77.51359361807755,
              39.41019816812096
            ],
            [
              -77.51354785108624,
              39.410217175383785
            ],
            [
              -77.5134975955143,
              39.41043447557559
            ],
            [
              -77.51350050617738,
              39.41051549279375
            ],
            [
              -77.51352468342175,
              39.41054199682244
            ]
          ]
        ]
      },
      "properties": {
        "class_name": "manure_lagoon",
        "detector": "classical_cv_candidates+sam_refined+barn_proximity+pc_source",
        "farm_name": "Deerspring Dairy Farm, LLC",
        "county": "Frederick",
        "headcount": 705,
        "area_px": 1140,
        "area_m2": 1079.0,
        "solidity": 0.934,
        "sam_score": 0.913,
        "ndwi_mean": -0.1132,
        "tile": "site_0257.tif",
        "candidate_source": "tight",
        "distance_to_barn_m": null
      }
    },
    {
      "type": "Feature",
      "geometry": {
        "type": "Polygon",
        "coordinates": [
          [
            [
              -75.64215305183548,
              37.999526290032506
            ],
            [
              -75.64219767612933,
              37.99941788305335
            ],
            [
              -75.64220757454645,
              37.99924657042781
            ],
            [
              -75.64218416208492,
              37.99917458940197
            ],
            [
              -75.64214975083041,
              37.999147736474775
            ],
            [
              -75.64200189290534,
              37.99917558455907
            ],
            [
              -75.64186495533531,
              37.99914929119936
            ],
            [
              -75.6418204878162,
              37.99927572442142
            ],
            [
              -75.64183337222794,
              37.999446912678785
            ],
            [
              -75.6418793325051,
              37.99949172988091
            ],
            [
              -75.64215305183548,
              37.999526290032506
            ]
          ]
        ]
      },
      "properties": {
        "class_name": "manure_lagoon",
        "detector": "classical_cv_candidates+sam_refined+barn_proximity+pc_source",
        "farm_name": "Dream Journey Inc.",
        "county": "Somerset",
        "headcount": 152000,
        "area_px": 1291,
        "area_m2": 1207.3,
        "solidity": 0.948,
        "sam_score": 0.918,
        "ndwi_mean": 0.0638,
        "tile": "site_0284.tif",
        "candidate_source": "tight",
        "distance_to_barn_m": 126.8
      }
    },
    {
      "type": "Feature",
      "geometry": {
        "type": "Polygon",
        "coordinates": [
          [
            [
              -75.52672978055254,
              38.018632375392706
            ],
            [
              -75.52682084641957,
              38.01862295682743
            ],
            [
              -75.52691158969198,
              38.01856848665959
            ],
            [
              -75.52694395705171,
              38.018316044932874
            ],
            [
              -75.52701114307408,
              38.01815355309993
            ],
            [
              -75.52697664680373,
              38.018108654723655
            ],
            [
              -75.52681697628883,
              38.01808233841108
            ],
            [
              -75.52676040719966,
              38.018136655420456
            ],
            [
              -75.52666078793975,
              38.018542578472356
            ],
            [
              -75.52667263061562,
              38.01860559959835
            ],
            [
              -75.52672978055254,
              38.018632375392706
            ]
          ]
        ]
      },
      "properties": {
        "class_name": "manure_lagoon",
        "detector": "classical_cv_candidates+sam_refined+barn_proximity+pc_source",
        "farm_name": "Phat H. Nguyen",
        "county": "Worcester",
        "headcount": 186000,
        "area_px": 1298,
        "area_m2": 1205.5,
        "solidity": 0.931,
        "sam_score": 0.911,
        "ndwi_mean": 0.0063,
        "tile": "site_0278.tif",
        "candidate_source": "tight",
        "distance_to_barn_m": 156.8
      }
    },
    {
      "type": "Feature",
      "geometry": {
        "type": "Polygon",
        "coordinates": [
          [
            [
              -75.77155871072081,
              38.87812413263959
            ],
            [
              -75.77165042600568,
              38.87807845865306
            ],
            [
              -75.77168431961864,
              38.87801513952674
            ],
            [
              -75.77173902158145,
              38.87774437022748
            ],
            [
              -75.77172691140002,
              38.877690368699085
            ],
            [
              -75.77166977247195,
              38.877735814265066
            ],
            [
              -75.77149747814381,
              38.877791034251196
            ],
            [
              -75.77145186427568,
              38.87783640356731
            ],
            [
              -75.77140683502027,
              38.87793585056385
            ],
            [
              -75.77139608926815,
              38.87800803029552
            ],
            [
              -75.77143134735444,
              38.87807089253286
            ],
            [
              -75.77155871072081,
              38.87812413263959
            ]
          ]
        ]
      },
      "properties": {
        "class_name": "manure_lagoon",
        "detector": "classical_cv_candidates+sam_refined+barn_proximity+pc_source",
        "farm_name": "One More Haul Farm",
        "county": "Caroline",
        "headcount": 156000,
        "area_px": 942,
        "area_m2": 892.2,
        "solidity": 0.943,
        "sam_score": 0.75,
        "ndwi_mean": -0.0084,
        "tile": "site_0287.tif",
        "candidate_source": "tight",
        "distance_to_barn_m": 42.6
      }
    },
    {
      "type": "Feature",
      "geometry": {
        "type": "Polygon",
        "coordinates": [
          [
            [
              -75.86309358355372,
              38.69222555450707
            ],
            [
              -75.86311604204933,
              38.692180323760866
            ],
            [
              -75.8631151756601,
              38.69210822618365
            ],
            [
              -75.8630919591161,
              38.69209037154927
            ],
            [
              -75.86297674281535,
              38.69207319588668
            ],
            [
              -75.86284970180402,
              38.69202906837167
            ],
            [
              -75.86276931030575,
              38.69203867452694
            ],
            [
              -75.86277039285615,
              38.69212879650763
            ],
            [
              -75.86274804240978,
              38.69218303938815
            ],
            [
              -75.86278308366377,
              38.69222784583651
            ],
            [
              -75.86296740844405,
              38.69225352470323
            ],
            [
              -75.86304790844378,
              38.692252930606806
            ],
            [
              -75.86309358355372,
              38.69222555450707
            ]
          ]
        ]
      },
      "properties": {
        "class_name": "manure_lagoon",
        "detector": "classical_cv_candidates+sam_refined+barn_proximity+pc_source",
        "farm_name": "Shane Cohee",
        "county": "Dorchester",
        "headcount": 135000,
        "area_px": 655,
        "area_m2": 608.1,
        "solidity": 0.946,
        "sam_score": 0.91,
        "ndwi_mean": -0.075,
        "tile": "site_0291.tif",
        "candidate_source": "tight",
        "distance_to_barn_m": 121.5
      }
    },
    {
      "type": "Feature",
      "geometry": {
        "type": "Polygon",
        "coordinates": [
          [
            [
              -75.76668442139224,
              38.80143088748863
            ],
            [
              -75.76677684033467,
              38.80145731593743
            ],
            [
              -75.76689180872158,
              38.801438538124245
            ],
            [
              -75.76705197216755,
              38.8013383587695
            ],
            [
              -75.7670397797824,
              38.80127535734665
            ],
            [
              -75.76698181275087,
              38.80123969132066
            ],
            [
              -75.76688949060552,
              38.80122227403484
            ],
            [
              -75.76677519857826,
              38.80130412887131
            ],
            [
              -75.76666061661109,
              38.80135895058506
            ],
            [
              -75.76668442139224,
              38.80143088748863
            ]
          ]
        ]
      },
      "properties": {
        "class_name": "manure_lagoon",
        "detector": "classical_cv_candidates+sam_refined+barn_proximity+pc_source",
        "farm_name": "Greg Harris Farm",
        "county": "Caroline",
        "headcount": 140400,
        "area_px": 588,
        "area_m2": 540.9,
        "solidity": 0.941,
        "sam_score": 0.886,
        "ndwi_mean": -0.248,
        "tile": "site_0295.tif",
        "candidate_source": "tight",
        "distance_to_barn_m": 639.5
      }
    },
    {
      "type": "Feature",
      "geometry": {
        "type": "Polygon",
        "coordinates": [
          [
            [
              -75.76646550617143,
              38.80145112925911
            ],
            [
              -75.76653479719432,
              38.80146869824264
            ],
            [
              -75.7666153149118,
              38.80145915821173
            ],
            [
              -75.76677538452596,
              38.80134996660862
            ],
            [
              -75.76679783766852,
              38.80129574862926
            ],
            [
              -75.76668190219839,
              38.801224415247155
            ],
            [
              -75.76657835218035,
              38.801234106436
            ],
            [
              -75.76640705579858,
              38.80137040672684
            ],
            [
              -75.76641895822941,
              38.8014063757401
            ],
            [
              -75.76646550617143,
              38.80145112925911
            ]
          ]
        ]
      },
      "properties": {
        "class_name": "manure_lagoon",
        "detector": "classical_cv_candidates+sam_refined+barn_proximity+pc_source",
        "farm_name": "William James Robinette/Way More Farm (New Construction)",
        "county": "Caroline",
        "headcount": 263400,
        "area_px": 635,
        "area_m2": 580.0,
        "solidity": 0.974,
        "sam_score": 0.907,
        "ndwi_mean": -0.2663,
        "tile": "site_0300.tif",
        "candidate_source": "tight",
        "distance_to_barn_m": 104.0
      }
    },
    {
      "type": "Feature",
      "geometry": {
        "type": "Polygon",
        "coordinates": [
          [
            [
              -75.26338207156542,
              38.423552131108785
            ],
            [
              -75.26349669851744,
              38.423569895995584
            ],
            [
              -75.26356533717696,
              38.42354270781186
            ],
            [
              -75.26363348445109,
              38.423380351507994
            ],
            [
              -75.26363328791851,
              38.42332628427512
            ],
            [
              -75.26359875582816,
              38.42328130555578
            ],
            [
              -75.26357581087082,
              38.423272345883504
            ],
            [
              -75.26348419478182,
              38.4232815631778
            ],
            [
              -75.26338135163134,
              38.42335388458759
            ],
            [
              -75.26335860300537,
              38.423398992106755
            ],
            [
              -75.26335896294103,
              38.42349811536759
            ],
            [
              -75.26338207156542,
              38.423552131108785
            ]
          ]
        ]
      },
      "properties": {
        "class_name": "manure_lagoon",
        "detector": "classical_cv_candidates+sam_refined+barn_proximity+pc_source",
        "farm_name": "Boi & Nawl Farm, LLC",
        "county": "Worcester",
        "headcount": 208600,
        "area_px": 658,
        "area_m2": 607.9,
        "solidity": 0.972,
        "sam_score": 0.845,
        "ndwi_mean": -0.2096,
        "tile": "site_0307.tif",
        "candidate_source": "tight",
        "distance_to_barn_m": 2133.4
      }
    },
    {
      "type": "Feature",
      "geometry": {
        "type": "Polygon",
        "coordinates": [
          [
            [
              -75.77684041463321,
              38.657611189429275
            ],
            [
              -75.77686311136809,
              38.65758400037048
            ],
            [
              -75.77685064345967,
              38.6574939554421
            ],
            [
              -75.77672313460464,
              38.65739566170345
            ],
            [
              -75.77659659928715,
              38.65738748909722
            ],
            [
              -75.77657380519506,
              38.65740566597802
            ],
            [
              -75.77657448641041,
              38.65746875087101
            ],
            [
              -75.7766678040101,
              38.65759431012124
            ],
            [
              -75.77674865413078,
              38.6576298243527
            ],
            [
              -75.77679463173284,
              38.65762951902674
            ],
            [
              -75.77684041463321,
              38.657611189429275
            ]
          ]
        ]
      },
      "properties": {
        "class_name": "manure_lagoon",
        "detector": "classical_cv_candidates+sam_refined+barn_proximity+pc_source",
        "farm_name": "Waqar Ahmed /Emaan and Eshal Farm LLC (New Construction)",
        "county": "Dorchester",
        "headcount": 352000,
        "area_px": 512,
        "area_m2": 466.5,
        "solidity": 0.98,
        "sam_score": 0.893,
        "ndwi_mean": -0.224,
        "tile": "site_0308.tif",
        "candidate_source": "tight",
        "distance_to_barn_m": 1400.0
      }
    },
    {
      "type": "Feature",
      "geometry": {
        "type": "Polygon",
        "coordinates": [
          [
            [
              -75.87075573974445,
              38.80900154065953
            ],
            [
              -75.87078973219309,
              38.808956220081086
            ],
            [
              -75.87076571731926,
              38.808875278055666
            ],
            [
              -75.87049827032139,
              38.80866094833936
            ],
            [
              -75.87040605153462,
              38.80865262195623
            ],
            [
              -75.87038412099454,
              38.80874291979925
            ],
            [
              -75.87050024471014,
              38.80882317566032
            ],
            [
              -75.8706982809949,
              38.80901098232995
            ],
            [
              -75.87075573974445,
              38.80900154065953
            ]
          ]
        ]
      },
      "properties": {
        "class_name": "manure_lagoon",
        "detector": "classical_cv_candidates+sam_refined+barn_proximity+pc_source",
        "farm_name": "Andre Rance/JamaicaDra, LLC",
        "county": "Caroline",
        "headcount": 86800,
        "area_px": 633,
        "area_m2": 581.9,
        "solidity": 0.929,
        "sam_score": 0.83,
        "ndwi_mean": -0.2081,
        "tile": "site_0323.tif",
        "candidate_source": "tight",
        "distance_to_barn_m": 687.2
      }
    },
    {
      "type": "Feature",
      "geometry": {
        "type": "Polygon",
        "coordinates": [
          [
            [
              -75.36159929496371,
              38.41680981058243
            ],
            [
              -75.36161039257277,
              38.41673767311137
            ],
            [
              -75.36158711917403,
              38.41666564168643
            ],
            [
              -75.36154120135733,
              38.41664775753712
            ],
            [
              -75.3613349754855,
              38.41664839353199
            ],
            [
              -75.36128928217123,
              38.41667557311198
            ],
            [
              -75.361312869502,
              38.41681069395576
            ],
            [
              -75.36145035372519,
              38.416810270023916
            ],
            [
              -75.36146185565138,
              38.41681924745426
            ],
            [
              -75.36159929496371,
              38.41680981058243
            ]
          ]
        ]
      },
      "properties": {
        "class_name": "manure_lagoon",
        "detector": "classical_cv_candidates+sam_refined+barn_proximity+pc_source",
        "farm_name": "Gerald Lewis",
        "county": "Wicomico",
        "headcount": 78600,
        "area_px": 513,
        "area_m2": 470.0,
        "solidity": 0.959,
        "sam_score": 0.873,
        "ndwi_mean": -0.228,
        "tile": "site_0313.tif",
        "candidate_source": "tight",
        "distance_to_barn_m": 958.8
      }
    },
    {
      "type": "Feature",
      "geometry": {
        "type": "Polygon",
        "coordinates": [
          [
            [
              -75.53618161673334,
              38.0318077542876
            ],
            [
              -75.5362844846581,
              38.031852337842786
            ],
            [
              -75.53688799964215,
              38.03180453073732
            ],
            [
              -75.53688615819058,
              38.0315522438867
            ],
            [
              -75.53630503758814,
              38.0315458855568
            ],
            [
              -75.53621441719226,
              38.03161838324937
            ],
            [
              -75.53618161673334,
              38.0318077542876
            ]
          ]
        ]
      },
      "properties": {
        "class_name": "manure_lagoon",
        "detector": "classical_cv_candidates+sam_refined+barn_proximity+pc_source",
        "farm_name": "Ryan Aydelotte/Peace & Plenty Farm",
        "county": "Worcester",
        "headcount": 96000,
        "area_px": 1983,
        "area_m2": 1840.8,
        "solidity": 0.968,
        "sam_score": 0.947,
        "ndwi_mean": 0.4482,
        "tile": "site_0005.tif",
        "candidate_source": "tight",
        "distance_to_barn_m": 1145.0
      }
    },
    {
      "type": "Feature",
      "geometry": {
        "type": "Polygon",
        "coordinates": [
          [
            [
              -75.90383853626537,
              39.15794016576453
            ],
            [
              -75.90386098617431,
              39.15788593634493
            ],
            [
              -75.90383657672142,
              39.1577870242888
            ],
            [
              -75.90345359006038,
              39.1576999019255
            ],
            [
              -75.9033841656916,
              39.157700440129226
            ],
            [
              -75.90331589332308,
              39.157791061527426
            ],
            [
              -75.90331693012942,
              39.15787213643844
            ],
            [
              -75.90338681550779,
              39.157907631565536
            ],
            [
              -75.90373474513197,
              39.15796799836936
            ],
            [
              -75.90383853626537,
              39.15794016576453
            ]
          ]
        ]
      },
      "properties": {
        "class_name": "manure_lagoon",
        "detector": "classical_cv_candidates+sam_refined+barn_proximity+pc_source",
        "farm_name": "Thomas Robert Leager Jr./T & L Leager",
        "county": "Queen Anne's",
        "headcount": 172000,
        "area_px": 1054,
        "area_m2": 999.8,
        "solidity": 0.959,
        "sam_score": 0.9,
        "ndwi_mean": -0.1926,
        "tile": "site_0015.tif",
        "candidate_source": "tight",
        "distance_to_barn_m": 227.0
      }
    },
    {
      "type": "Feature",
      "geometry": {
        "type": "Polygon",
        "coordinates": [
          [
            [
              -75.79946196552814,
              38.577254392582034
            ],
            [
              -75.79944898330942,
              38.576083178267154
            ],
            [
              -75.79841598244079,
              38.57609022942317
            ],
            [
              -75.79839522089856,
              38.57628859157904
            ],
            [
              -75.79770824549959,
              38.57644644605187
            ],
            [
              -75.79769806301105,
              38.57656364576305
            ],
            [
              -75.79804578835554,
              38.57686761617143
            ],
            [
              -75.79915425648836,
              38.57745471446487
            ],
            [
              -75.79925765836839,
              38.577463018427125
            ],
            [
              -75.7993362070884,
              38.57730030161591
            ],
            [
              -75.79946196552814,
              38.577254392582034
            ]
          ]
        ]
      },
      "properties": {
        "class_name": "manure_lagoon",
        "detector": "classical_cv_candidates+sam_refined+barn_proximity+pc_source",
        "farm_name": "Van Boi",
        "county": "Dorchester",
        "headcount": 113200,
        "area_px": 15691,
        "area_m2": 15440.1,
        "solidity": 0.931,
        "sam_score": 0.98,
        "ndwi_mean": 0.3071,
        "tile": "site_0016.tif",
        "candidate_source": "tight",
        "distance_to_barn_m": 1588.5
      }
    },
    {
      "type": "Feature",
      "geometry": {
        "type": "Polygon",
        "coordinates": [
          [
            [
              -75.78178362303808,
              38.58458182906229
            ],
            [
              -75.78181708372288,
              38.5844915053499
            ],
            [
              -75.78178235315599,
              38.58446470728861
            ],
            [
              -75.7815175510733,
              38.58439439565126
            ],
            [
              -75.78146025292567,
              38.58440378826696
            ],
            [
              -75.7814374898858,
              38.584421960294414
            ],
            [
              -75.78144984782044,
              38.584502967961456
            ],
            [
              -75.78151921112321,
              38.5845475549048
            ],
            [
              -75.78157729063794,
              38.584610237199904
            ],
            [
              -75.78169237557358,
              38.58463649865982
            ],
            [
              -75.78172671548472,
              38.58462725927794
            ],
            [
              -75.78178362303808,
              38.58458182906229
            ]
          ]
        ]
      },
      "properties": {
        "class_name": "manure_lagoon",
        "detector": "classical_cv_candidates+sam_refined+barn_proximity+pc_source",
        "farm_name": "Van Boi",
        "county": "Dorchester",
        "headcount": 113200,
        "area_px": 615,
        "area_m2": 570.2,
        "solidity": 0.953,
        "sam_score": 0.901,
        "ndwi_mean": -0.1226,
        "tile": "site_0016.tif",
        "candidate_source": "tight",
        "distance_to_barn_m": 84.1
      }
    },
    {
      "type": "Feature",
      "geometry": {
        "type": "Polygon",
        "coordinates": [
          [
            [
              -75.80063464570009,
              38.72330854959741
            ],
            [
              -75.8007847980238,
              38.72336159247759
            ],
            [
              -75.80113990542863,
              38.723223981473694
            ],
            [
              -75.80157402735891,
              38.722950649528876
            ],
            [
              -75.80161802853257,
              38.72277011030508
            ],
            [
              -75.80151399216916,
              38.722725764214296
            ],
            [
              -75.80138785448428,
              38.722762676421404
            ],
            [
              -75.80069005261178,
              38.72311892073741
            ],
            [
              -75.80062183469755,
              38.72319148293556
            ],
            [
              -75.80063464570009,
              38.72330854959741
            ]
          ]
        ]
      },
      "properties": {
        "class_name": "manure_lagoon",
        "detector": "classical_cv_candidates+sam_refined+barn_proximity+pc_source",
        "farm_name": "Larry Nagel Farm",
        "county": "Caroline",
        "headcount": 61000,
        "area_px": 2773,
        "area_m2": 2688.2,
        "solidity": 0.95,
        "sam_score": 0.933,
        "ndwi_mean": 0.1424,
        "tile": "site_0019.tif",
        "candidate_source": "tight",
        "distance_to_barn_m": 633.6
      }
    },
    {
      "type": "Feature",
      "geometry": {
        "type": "Polygon",
        "coordinates": [
          [
            [
              -75.52659400940367,
              38.367571023325105
            ],
            [
              -75.5266851870385,
              38.36751654940625
            ],
            [
              -75.52669630668935,
              38.367471445817095
            ],
            [
              -75.52658066980942,
              38.36730977214264
            ],
            [
              -75.52650041626416,
              38.36729211110479
            ],
            [
              -75.52639772735488,
              38.36733762583753
            ],
            [
              -75.5263868686012,
              38.36741877113875
            ],
            [
              -75.52651388612993,
              38.367571383167515
            ],
            [
              -75.52659400940367,
              38.367571023325105
            ]
          ]
        ]
      },
      "properties": {
        "class_name": "manure_lagoon",
        "detector": "classical_cv_candidates+sam_refined+barn_proximity+pc_source",
        "farm_name": "Eldwin Martin/Airview Farm",
        "county": "Wicomico",
        "headcount": 0,
        "area_px": 601,
        "area_m2": 562.3,
        "solidity": 0.96,
        "sam_score": 0.878,
        "ndwi_mean": -0.0985,
        "tile": "site_0023.tif",
        "candidate_source": "tight",
        "distance_to_barn_m": 1137.7
      }
    },
    {
      "type": "Feature",
      "geometry": {
        "type": "Polygon",
        "coordinates": [
          [
            [
              -75.8759682096477,
              38.3149860380843
            ],
            [
              -75.876060815833,
              38.315075478815324
            ],
            [
              -75.87616432019186,
              38.31511977186129
            ],
            [
              -75.8762672823139,
              38.315119002667934
            ],
            [
              -75.87638125072216,
              38.315082098186586
            ],
            [
              -75.87643801789613,
              38.31504562104692
            ],
            [
              -75.87652628457379,
              38.3147745642428
            ],
            [
              -75.87630837875322,
              38.31473112630855
            ],
            [
              -75.87614832476152,
              38.31474133526859
            ],
            [
              -75.87603479052942,
              38.31481428924201
            ],
            [
              -75.8759682096477,
              38.3149860380843
            ]
          ]
        ]
      },
      "properties": {
        "class_name": "manure_lagoon",
        "detector": "classical_cv_candidates+sam_refined+barn_proximity+pc_source",
        "farm_name": "Harry J. West, III/West Acres",
        "county": "Wicomico",
        "headcount": 42500,
        "area_px": 1623,
        "area_m2": 1556.6,
        "solidity": 0.962,
        "sam_score": 0.828,
        "ndwi_mean": -0.5037,
        "tile": "site_0039.tif",
        "candidate_source": "tight",
        "distance_to_barn_m": 768.9
      }
    },
    {
      "type": "Feature",
      "geometry": {
        "type": "Polygon",
        "coordinates": [
          [
            [
              -75.53112993838324,
              38.29714679999674
            ],
            [
              -75.5312084180174,
              38.29693015632139
            ],
            [
              -75.5311737139402,
              38.296876241379586
            ],
            [
              -75.53049816627347,
              38.29677115407658
            ],
            [
              -75.53041824130106,
              38.29678953951001
            ],
            [
              -75.53037439738013,
              38.2970510861519
            ],
            [
              -75.53039746748361,
              38.29707801788942
            ],
            [
              -75.53101570318687,
              38.297165341172665
            ],
            [
              -75.53112993838324,
              38.29714679999674
            ]
          ]
        ]
      },
      "properties": {
        "class_name": "manure_lagoon",
        "detector": "classical_cv_candidates+sam_refined+barn_proximity+pc_source",
        "farm_name": "Hoa Tran/Morning Sun LLC",
        "county": "Wicomico",
        "headcount": 98000,
        "area_px": 2443,
        "area_m2": 2340.9,
        "solidity": 0.959,
        "sam_score": 0.943,
        "ndwi_mean": -0.0346,
        "tile": "site_0048.tif",
        "candidate_source": "tight",
        "distance_to_barn_m": 975.9
      }
    },
    {
      "type": "Feature",
      "geometry": {
        "type": "Polygon",
        "coordinates": [
          [
            [
              -75.87005954130912,
              38.31074991657915
            ],
            [
              -75.870139259421,
              38.310722284200594
            ],
            [
              -75.87022987335821,
              38.31064950257535
            ],
            [
              -75.87028467575259,
              38.31045079520719
            ],
            [
              -75.87031844037475,
              38.31040547632113
            ],
            [
              -75.87030603648039,
              38.31032444531829
            ],
            [
              -75.87013430519254,
              38.31030769208898
            ],
            [
              -75.87002125351681,
              38.310416694762715
            ],
            [
              -75.8699882424777,
              38.31052510367207
            ],
            [
              -75.87003462630457,
              38.3105788416478
            ],
            [
              -75.8700920138596,
              38.31059644329423
            ],
            [
              -75.87001272660896,
              38.3106601271282
            ],
            [
              -75.87002491486662,
              38.31072313241681
            ],
            [
              -75.87005954130912,
              38.31074991657915
            ]
          ]
        ]
      },
      "properties": {
        "class_name": "manure_lagoon",
        "detector": "classical_cv_candidates+sam_refined+barn_proximity+pc_source",
        "farm_name": "Anthony E. Balcerzak Jr./Big Bivalve",
        "county": "Wicomico",
        "headcount": 38000,
        "area_px": 986,
        "area_m2": 908.5,
        "solidity": 0.917,
        "sam_score": 0.75,
        "ndwi_mean": -0.4662,
        "tile": "site_0057.tif",
        "candidate_source": "tight",
        "distance_to_barn_m": 784.6
      }
    },
    {
      "type": "Feature",
      "geometry": {
        "type": "Polygon",
        "coordinates": [
          [
            [
              -75.49447984474271,
              38.44549180770834
            ],
            [
              -75.49454886241774,
              38.44552756994434
            ],
            [
              -75.49507561928664,
              38.445453238395736
            ],
            [
              -75.49510951245712,
              38.445380988137074
            ],
            [
              -75.49506237175135,
              38.4451919063221
            ],
            [
              -75.49480953318452,
              38.44509382713354
            ],
            [
              -75.4945233552938,
              38.44514911559579
            ],
            [
              -75.49448915413876,
              38.445176300082174
            ],
            [
              -75.49451336950099,
              38.44536547888981
            ],
            [
              -75.49447984474271,
              38.44549180770834
            ]
          ]
        ]
      },
      "properties": {
        "class_name": "manure_lagoon",
        "detector": "classical_cv_candidates+sam_refined+barn_proximity+pc_source",
        "farm_name": "Nhan Cao Dang",
        "county": "Wicomico",
        "headcount": 240000,
        "area_px": 2115,
        "area_m2": 2033.8,
        "solidity": 0.949,
        "sam_score": 0.881,
        "ndwi_mean": -0.1755,
        "tile": "site_0070.tif",
        "candidate_source": "tight",
        "distance_to_barn_m": 724.1
      }
    },
    {
      "type": "Feature",
      "geometry": {
        "type": "Polygon",
        "coordinates": [
          [
            [
              -75.51127605031151,
              38.03610937006912
            ],
            [
              -75.51126383909973,
              38.0359922576509
            ],
            [
              -75.51122933572796,
              38.03594734402666
            ],
            [
              -75.51113772364198,
              38.03588465322543
            ],
            [
              -75.5109667732303,
              38.03588539632288
            ],
            [
              -75.51085336970276,
              38.03596700372964
            ],
            [
              -75.51086520463453,
              38.03603004143263
            ],
            [
              -75.51099113209082,
              38.03611060876816
            ],
            [
              -75.51115087421302,
              38.036136952561776
            ],
            [
              -75.51123065134315,
              38.03613660568704
            ],
            [
              -75.51127605031151,
              38.03610937006912
            ]
          ]
        ]
      },
      "properties": {
        "class_name": "manure_lagoon",
        "detector": "classical_cv_candidates+sam_refined+barn_proximity+pc_source",
        "farm_name": "Keith/ Aydelotte/Silver Bullet Farm, LLC",
        "county": "Worcester",
        "headcount": 120000,
        "area_px": 856,
        "area_m2": 791.7,
        "solidity": 0.98,
        "sam_score": 0.855,
        "ndwi_mean": -0.0739,
        "tile": "site_0077.tif",
        "candidate_source": "tight",
        "distance_to_barn_m": 942.1
      }
    },
    {
      "type": "Feature",
      "geometry": {
        "type": "Polygon",
        "coordinates": [
          [
            [
              -75.50163185478715,
              38.042459826393504
            ],
            [
              -75.50163136289729,
              38.04238772668478
            ],
            [
              -75.50160826004388,
              38.04234276163127
            ],
            [
              -75.50150537328562,
              38.0422981369489
            ],
            [
              -75.50117496269316,
              38.0423175714311
            ],
            [
              -75.50111815841981,
              38.04234485175711
            ],
            [
              -75.50114138382742,
              38.042407841837615
            ],
            [
              -75.50118722044421,
              38.04244369734102
            ],
            [
              -75.50135861653081,
              38.042506055604576
            ],
            [
              -75.50147234803542,
              38.04246951962141
            ],
            [
              -75.50163185478715,
              38.042459826393504
            ]
          ]
        ]
      },
      "properties": {
        "class_name": "manure_lagoon",
        "detector": "classical_cv_candidates+sam_refined+barn_proximity+pc_source",
        "farm_name": "Keith/ Aydelotte/Silver Bullet Farm, LLC",
        "county": "Worcester",
        "headcount": 120000,
        "area_px": 816,
        "area_m2": 751.2,
        "solidity": 0.942,
        "sam_score": 0.859,
        "ndwi_mean": 0.1248,
        "tile": "site_0077.tif",
        "candidate_source": "tight",
        "distance_to_barn_m": 74.3
      }
    },
    {
      "type": "Feature",
      "geometry": {
        "type": "Polygon",
        "coordinates": [
          [
            [
              -75.47685243233552,
              38.030800898247165
            ],
            [
              -75.47687428320808,
              38.03065657240069
            ],
            [
              -75.47683981220817,
              38.030611638075804
            ],
            [
              -75.47652057649626,
              38.030576873047714
            ],
            [
              -75.47645204376344,
              38.03055010630683
            ],
            [
              -75.47637229329662,
              38.03055042945751
            ],
            [
              -75.47634962420071,
              38.03056855095695
            ],
            [
              -75.47631626262839,
              38.03069489369032
            ],
            [
              -75.47636212630294,
              38.03073978201076
            ],
            [
              -75.47656737466674,
              38.030765994725996
            ],
            [
              -75.47673861956339,
              38.03081938944378
            ],
            [
              -75.47685243233552,
              38.030800898247165
            ]
          ]
        ]
      },
      "properties": {
        "class_name": "manure_lagoon",
        "detector": "classical_cv_candidates+sam_refined+barn_proximity+pc_source",
        "farm_name": "Jason Lambertson/Grace Ridge Farm LLC",
        "county": "Worcester",
        "headcount": 180000,
        "area_px": 1108,
        "area_m2": 1008.4,
        "solidity": 0.94,
        "sam_score": 0.905,
        "ndwi_mean": 0.1307,
        "tile": "site_0075.tif",
        "candidate_source": "tight",
        "distance_to_barn_m": 79.5
      }
    }
  ]
}